District Code,State,District #,Incumbent Representative,Democratic Candidate / Nominee,Republican Candidate / Nominee,Consensus Race Rating,Latest Poll / Rating Margin,Key Battleground,Source Link,Race Notes,
AL-01,AL,1,Republican Incumbent (AL),Democratic Candidate (AL-01),Republican Candidate (AL-01),Solid Republican,R +15.0%+,No,https://www.cookpolitical.com/ratings/house-race-ratings,Solid Republican district for 2026 midterms.,
AL-02,AL,2,Republican Incumbent (AL),Democratic Candidate (AL-02),Republican Candidate (AL-02),Solid Republican,R +15.0%+,No,https://www.cookpolitical.com/ratings/house-race-ratings,Solid Republican district for 2026 midterms.,
AL-03,AL,3,Republican Incumbent (AL),Democratic Candidate (AL-03),Republican Candidate (AL-03),Solid Republican,R +15.0%+,No,https://www.cookpolitical.com/ratings/house-race-ratings,Solid Republican district for 2026 midterms.,
AL-04,AL,4,Democratic Incumbent (AL),Democratic Candidate (AL-04),Republican Candidate (AL-04),Solid Democratic,D +15.0%+,No,https://www.cookpolitical.com/ratings/house-race-ratings,Solid Democratic district for 2026 midterms.,
AL-05,AL,5,Republican Incumbent (AL),Democratic Candidate (AL-05),Republican Candidate (AL-05),Solid Republican,R +15.0%+,No,https://www.cookpolitical.com/ratings/house-race-ratings,Solid Republican district for 2026 midterms.,
AL-06,AL,6,Republican Incumbent (AL),Democratic Candidate (AL-06),Republican Candidate (AL-06),Solid Republican,R +15.0%+,No,https://www.cookpolitical.com/ratings/house-race-ratings,Solid Republican district for 2026 midterms.,
AL-07,AL,7,Republican Incumbent (AL),Democratic Candidate (AL-07),Republican Candidate (AL-07),Solid Republican,R +15.0%+,No,https://www.cookpolitical.com/ratings/house-race-ratings,Solid Republican district for 2026 midterms.,
AK-AL,AK,At-Large,Democratic Incumbent (AK),Democratic Candidate (AK-AL),Republican Candidate (AK-AL),Solid Democratic,D +15.0%+,No,https://www.cookpolitical.com/ratings/house-race-ratings,Solid Democratic district for 2026 midterms.,
AZ-01,AZ,1,David Schweikert (R - Retiring),Amish Shah / Marlene Galan-Woods,Thomas Fames Feely,Tossup,D +1.0%,Yes,https://www.cookpolitical.com/ratings/house-race-ratings,Open seat; Schweikert running for Governor.,
AZ-02,AZ,2,Republican Incumbent (AZ),Democratic Candidate (AZ-02),Republican Candidate (AZ-02),Solid Republican,R +15.0%+,No,https://www.cookpolitical.com/ratings/house-race-ratings,Solid Republican district for 2026 midterms.,
AZ-03,AZ,3,Republican Incumbent (AZ),Democratic Candidate (AZ-03),Republican Candidate (AZ-03),Solid Republican,R +15.0%+,No,https://www.cookpolitical.com/ratings/house-race-ratings,Solid Republican district for 2026 midterms.,
AZ-04,AZ,4,Democratic Incumbent (AZ),Democratic Candidate (AZ-04),Republican Candidate (AZ-04),Solid Democratic,D +15.0%+,No,https://www.cookpolitical.com/ratings/house-race-ratings,Solid Democratic district for 2026 midterms.,
AZ-05,AZ,5,Democratic Incumbent (AZ),Democratic Candidate (AZ-05),Republican Candidate (AZ-05),Solid Democratic,D +15.0%+,No,https://www.cookpolitical.com/ratings/house-race-ratings,Solid Democratic district for 2026 midterms.,
AZ-06,AZ,6,Juan Ciscomani (R),Joanna Mendoza,Juan Ciscomani,Tossup,Even / D +0.5%,Yes,https://ballotpedia.org/United_States_House_of_Representatives_elections,_2026,Highly competitive Tucson area swing district.
AZ-07,AZ,7,Democratic Incumbent (AZ),Democratic Candidate (AZ-07),Republican Candidate (AZ-07),Solid Democratic,D +15.0%+,No,https://www.cookpolitical.com/ratings/house-race-ratings,Solid Democratic district for 2026 midterms.,
AZ-08,AZ,8,Republican Incumbent (AZ),Democratic Candidate (AZ-08),Republican Candidate (AZ-08),Solid Republican,R +15.0%+,No,https://www.cookpolitical.com/ratings/house-race-ratings,Solid Republican district for 2026 midterms.,
AZ-09,AZ,9,Democratic Incumbent (AZ),Democratic Candidate (AZ-09),Republican Candidate (AZ-09),Solid Democratic,D +15.0%+,No,https://www.cookpolitical.com/ratings/house-race-ratings,Solid Democratic district for 2026 midterms.,
AR-01,AR,1,Republican Incumbent (AR),Democratic Candidate (AR-01),Republican Candidate (AR-01),Solid Republican,R +15.0%+,No,https://www.cookpolitical.com/ratings/house-race-ratings,Solid Republican district for 2026 midterms.,
AR-02,AR,2,Republican Incumbent (AR),Democratic Candidate (AR-02),Republican Candidate (AR-02),Solid Republican,R +15.0%+,No,https://www.cookpolitical.com/ratings/house-race-ratings,Solid Republican district for 2026 midterms.,
AR-03,AR,3,Republican Incumbent (AR),Democratic Candidate (AR-03),Republican Candidate (AR-03),Solid Republican,R +15.0%+,No,https://www.cookpolitical.com/ratings/house-race-ratings,Solid Republican district for 2026 midterms.,
AR-04,AR,4,Democratic Incumbent (AR),Democratic Candidate (AR-04),Republican Candidate (AR-04),Solid Democratic,D +15.0%+,No,https://www.cookpolitical.com/ratings/house-race-ratings,Solid Democratic district for 2026 midterms.,
CA-01,CA,1,Democratic Incumbent (CA),Democratic Candidate (CA-01),Republican Candidate (CA-01),Solid Democratic,D +15.0%+,No,https://www.cookpolitical.com/ratings/house-race-ratings,Solid Democratic district for 2026 midterms.,
CA-02,CA,2,Democratic Incumbent (CA),Democratic Candidate (CA-02),Republican Candidate (CA-02),Solid Democratic,D +15.0%+,No,https://www.cookpolitical.com/ratings/house-race-ratings,Solid Democratic district for 2026 midterms.,
CA-03,CA,3,Democratic Incumbent (CA),Democratic Candidate (CA-03),Republican Candidate (CA-03),Solid Democratic,D +15.0%+,No,https://www.cookpolitical.com/ratings/house-race-ratings,Solid Democratic district for 2026 midterms.,
CA-04,CA,4,Democratic Incumbent (CA),Democratic Candidate (CA-04),Republican Candidate (CA-04),Solid Democratic,D +15.0%+,No,https://www.cookpolitical.com/ratings/house-race-ratings,Solid Democratic district for 2026 midterms.,
CA-05,CA,5,Republican Incumbent (CA),Democratic Candidate (CA-05),Republican Candidate (CA-05),Solid Republican,R +15.0%+,No,https://www.cookpolitical.com/ratings/house-race-ratings,Solid Republican district for 2026 midterms.,
CA-06,CA,6,Democratic Incumbent (CA),Democratic Candidate (CA-06),Republican Candidate (CA-06),Solid Democratic,D +15.0%+,No,https://www.cookpolitical.com/ratings/house-race-ratings,Solid Democratic district for 2026 midterms.,
CA-07,CA,7,Democratic Incumbent (CA),Democratic Candidate (CA-07),Republican Candidate (CA-07),Solid Democratic,D +15.0%+,No,https://www.cookpolitical.com/ratings/house-race-ratings,Solid Democratic district for 2026 midterms.,
CA-08,CA,8,Democratic Incumbent (CA),Democratic Candidate (CA-08),Republican Candidate (CA-08),Solid Democratic,D +15.0%+,No,https://www.cookpolitical.com/ratings/house-race-ratings,Solid Democratic district for 2026 midterms.,
CA-09,CA,9,Democratic Incumbent (CA),Democratic Candidate (CA-09),Republican Candidate (CA-09),Solid Democratic,D +15.0%+,No,https://www.cookpolitical.com/ratings/house-race-ratings,Solid Democratic district for 2026 midterms.,
CA-10,CA,10,Republican Incumbent (CA),Democratic Candidate (CA-10),Republican Candidate (CA-10),Solid Republican,R +15.0%+,No,https://www.cookpolitical.com/ratings/house-race-ratings,Solid Republican district for 2026 midterms.,
CA-11,CA,11,Democratic Incumbent (CA),Democratic Candidate (CA-11),Republican Candidate (CA-11),Solid Democratic,D +15.0%+,No,https://www.cookpolitical.com/ratings/house-race-ratings,Solid Democratic district for 2026 midterms.,
CA-12,CA,12,Democratic Incumbent (CA),Democratic Candidate (CA-12),Republican Candidate (CA-12),Solid Democratic,D +15.0%+,No,https://www.cookpolitical.com/ratings/house-race-ratings,Solid Democratic district for 2026 midterms.,
CA-13,CA,13,John Duarte (R),Adam Gray,John Duarte,Tossup,D +2.0%,Yes,https://centerforpolitics.org/crystalball/2026-house/,Central Valley rematch of 2024 tight race.,
CA-14,CA,14,Democratic Incumbent (CA),Democratic Candidate (CA-14),Republican Candidate (CA-14),Solid Democratic,D +15.0%+,No,https://www.cookpolitical.com/ratings/house-race-ratings,Solid Democratic district for 2026 midterms.,
CA-15,CA,15,Republican Incumbent (CA),Democratic Candidate (CA-15),Republican Candidate (CA-15),Solid Republican,R +15.0%+,No,https://www.cookpolitical.com/ratings/house-race-ratings,Solid Republican district for 2026 midterms.,
CA-16,CA,16,Democratic Incumbent (CA),Democratic Candidate (CA-16),Republican Candidate (CA-16),Solid Democratic,D +15.0%+,No,https://www.cookpolitical.com/ratings/house-race-ratings,Solid Democratic district for 2026 midterms.,
CA-17,CA,17,Democratic Incumbent (CA),Democratic Candidate (CA-17),Republican Candidate (CA-17),Solid Democratic,D +15.0%+,No,https://www.cookpolitical.com/ratings/house-race-ratings,Solid Democratic district for 2026 midterms.,
CA-18,CA,18,Democratic Incumbent (CA),Democratic Candidate (CA-18),Republican Candidate (CA-18),Solid Democratic,D +15.0%+,No,https://www.cookpolitical.com/ratings/house-race-ratings,Solid Democratic district for 2026 midterms.,
CA-19,CA,19,Democratic Incumbent (CA),Democratic Candidate (CA-19),Republican Candidate (CA-19),Solid Democratic,D +15.0%+,No,https://www.cookpolitical.com/ratings/house-race-ratings,Solid Democratic district for 2026 midterms.,
CA-20,CA,20,Republican Incumbent (CA),Democratic Candidate (CA-20),Republican Candidate (CA-20),Solid Republican,R +15.0%+,No,https://www.cookpolitical.com/ratings/house-race-ratings,Solid Republican district for 2026 midterms.,
CA-21,CA,21,Democratic Incumbent (CA),Democratic Candidate (CA-21),Republican Candidate (CA-21),Solid Democratic,D +15.0%+,No,https://www.cookpolitical.com/ratings/house-race-ratings,Solid Democratic district for 2026 midterms.,
CA-22,CA,22,David Valadao (R),Rudy Salas,David Valadao,Tossup,D +1.0%,Yes,https://www.cookpolitical.com/ratings/house-race-ratings,Dem-leaning district represented by GOP incumbent.,
CA-23,CA,23,Democratic Incumbent (CA),Democratic Candidate (CA-23),Republican Candidate (CA-23),Solid Democratic,D +15.0%+,No,https://www.cookpolitical.com/ratings/house-race-ratings,Solid Democratic district for 2026 midterms.,
CA-24,CA,24,Democratic Incumbent (CA),Democratic Candidate (CA-24),Republican Candidate (CA-24),Solid Democratic,D +15.0%+,No,https://www.cookpolitical.com/ratings/house-race-ratings,Solid Democratic district for 2026 midterms.,
CA-25,CA,25,Republican Incumbent (CA),Democratic Candidate (CA-25),Republican Candidate (CA-25),Solid Republican,R +15.0%+,No,https://www.cookpolitical.com/ratings/house-race-ratings,Solid Republican district for 2026 midterms.,
CA-26,CA,26,Democratic Incumbent (CA),Democratic Candidate (CA-26),Republican Candidate (CA-26),Solid Democratic,D +15.0%+,No,https://www.cookpolitical.com/ratings/house-race-ratings,Solid Democratic district for 2026 midterms.,
CA-27,CA,27,Mike Garcia (R),George Whitesides,Mike Garcia,Lean Democratic,D +3.0%,Yes,https://ballotpedia.org/United_States_House_of_Representatives_elections,_2026,Northern LA County swing district.
CA-28,CA,28,Democratic Incumbent (CA),Democratic Candidate (CA-28),Republican Candidate (CA-28),Solid Democratic,D +15.0%+,No,https://www.cookpolitical.com/ratings/house-race-ratings,Solid Democratic district for 2026 midterms.,
CA-29,CA,29,Democratic Incumbent (CA),Democratic Candidate (CA-29),Republican Candidate (CA-29),Solid Democratic,D +15.0%+,No,https://www.cookpolitical.com/ratings/house-race-ratings,Solid Democratic district for 2026 midterms.,
CA-30,CA,30,Republican Incumbent (CA),Democratic Candidate (CA-30),Republican Candidate (CA-30),Solid Republican,R +15.0%+,No,https://www.cookpolitical.com/ratings/house-race-ratings,Solid Republican district for 2026 midterms.,
CA-31,CA,31,Democratic Incumbent (CA),Democratic Candidate (CA-31),Republican Candidate (CA-31),Solid Democratic,D +15.0%+,No,https://www.cookpolitical.com/ratings/house-race-ratings,Solid Democratic district for 2026 midterms.,
CA-32,CA,32,Democratic Incumbent (CA),Democratic Candidate (CA-32),Republican Candidate (CA-32),Solid Democratic,D +15.0%+,No,https://www.cookpolitical.com/ratings/house-race-ratings,Solid Democratic district for 2026 midterms.,
CA-33,CA,33,Democratic Incumbent (CA),Democratic Candidate (CA-33),Republican Candidate (CA-33),Solid Democratic,D +15.0%+,No,https://www.cookpolitical.com/ratings/house-race-ratings,Solid Democratic district for 2026 midterms.,
CA-34,CA,34,Democratic Incumbent (CA),Democratic Candidate (CA-34),Republican Candidate (CA-34),Solid Democratic,D +15.0%+,No,https://www.cookpolitical.com/ratings/house-race-ratings,Solid Democratic district for 2026 midterms.,
CA-35,CA,35,Republican Incumbent (CA),Democratic Candidate (CA-35),Republican Candidate (CA-35),Solid Republican,R +15.0%+,No,https://www.cookpolitical.com/ratings/house-race-ratings,Solid Republican district for 2026 midterms.,
CA-36,CA,36,Democratic Incumbent (CA),Democratic Candidate (CA-36),Republican Candidate (CA-36),Solid Democratic,D +15.0%+,No,https://www.cookpolitical.com/ratings/house-race-ratings,Solid Democratic district for 2026 midterms.,
CA-37,CA,37,Democratic Incumbent (CA),Democratic Candidate (CA-37),Republican Candidate (CA-37),Solid Democratic,D +15.0%+,No,https://www.cookpolitical.com/ratings/house-race-ratings,Solid Democratic district for 2026 midterms.,
CA-38,CA,38,Democratic Incumbent (CA),Democratic Candidate (CA-38),Republican Candidate (CA-38),Solid Democratic,D +15.0%+,No,https://www.cookpolitical.com/ratings/house-race-ratings,Solid Democratic district for 2026 midterms.,
CA-39,CA,39,Democratic Incumbent (CA),Democratic Candidate (CA-39),Republican Candidate (CA-39),Solid Democratic,D +15.0%+,No,https://www.cookpolitical.com/ratings/house-race-ratings,Solid Democratic district for 2026 midterms.,
CA-40,CA,40,Young Kim (R),Joe Kerr,Young Kim,Lean Republican,R +3.0%,Yes,https://www.cookpolitical.com/ratings/house-race-ratings,Orange County suburban district.,
CA-41,CA,41,Democratic Incumbent (CA),Democratic Candidate (CA-41),Republican Candidate (CA-41),Solid Democratic,D +15.0%+,No,https://www.cookpolitical.com/ratings/house-race-ratings,Solid Democratic district for 2026 midterms.,
CA-42,CA,42,Democratic Incumbent (CA),Democratic Candidate (CA-42),Republican Candidate (CA-42),Solid Democratic,D +15.0%+,No,https://www.cookpolitical.com/ratings/house-race-ratings,Solid Democratic district for 2026 midterms.,
CA-43,CA,43,Democratic Incumbent (CA),Democratic Candidate (CA-43),Republican Candidate (CA-43),Solid Democratic,D +15.0%+,No,https://www.cookpolitical.com/ratings/house-race-ratings,Solid Democratic district for 2026 midterms.,
CA-44,CA,44,Democratic Incumbent (CA),Democratic Candidate (CA-44),Republican Candidate (CA-44),Solid Democratic,D +15.0%+,No,https://www.cookpolitical.com/ratings/house-race-ratings,Solid Democratic district for 2026 midterms.,
CA-45,CA,45,Michelle Steel (R),Derek Tran,Michelle Steel,Tossup,D +1.5%,Yes,https://centerforpolitics.org/crystalball/2026-house/,Asian-majority OC battleground.,
CA-46,CA,46,Democratic Incumbent (CA),Democratic Candidate (CA-46),Republican Candidate (CA-46),Solid Democratic,D +15.0%+,No,https://www.cookpolitical.com/ratings/house-race-ratings,Solid Democratic district for 2026 midterms.,
CA-47,CA,47,Dave Min (D),Dave Min,Scott Baugh,Lean Democratic,D +3.0%,Yes,https://ballotpedia.org/United_States_House_of_Representatives_elections,_2026,Coastal Orange County district.
CA-48,CA,48,Democratic Incumbent (CA),Democratic Candidate (CA-48),Republican Candidate (CA-48),Solid Democratic,D +15.0%+,No,https://www.cookpolitical.com/ratings/house-race-ratings,Solid Democratic district for 2026 midterms.,
CA-49,CA,49,Democratic Incumbent (CA),Democratic Candidate (CA-49),Republican Candidate (CA-49),Solid Democratic,D +15.0%+,No,https://www.cookpolitical.com/ratings/house-race-ratings,Solid Democratic district for 2026 midterms.,
CA-50,CA,50,Republican Incumbent (CA),Democratic Candidate (CA-50),Republican Candidate (CA-50),Solid Republican,R +15.0%+,No,https://www.cookpolitical.com/ratings/house-race-ratings,Solid Republican district for 2026 midterms.,
CA-51,CA,51,Democratic Incumbent (CA),Democratic Candidate (CA-51),Republican Candidate (CA-51),Solid Democratic,D +15.0%+,No,https://www.cookpolitical.com/ratings/house-race-ratings,Solid Democratic district for 2026 midterms.,
CA-52,CA,52,Democratic Incumbent (CA),Democratic Candidate (CA-52),Republican Candidate (CA-52),Solid Democratic,D +15.0%+,No,https://www.cookpolitical.com/ratings/house-race-ratings,Solid Democratic district for 2026 midterms.,
CO-01,CO,1,Democratic Incumbent (CO),Democratic Candidate (CO-01),Republican Candidate (CO-01),Solid Democratic,D +15.0%+,No,https://www.cookpolitical.com/ratings/house-race-ratings,Solid Democratic district for 2026 midterms.,
CO-02,CO,2,Democratic Incumbent (CO),Democratic Candidate (CO-02),Republican Candidate (CO-02),Solid Democratic,D +15.0%+,No,https://www.cookpolitical.com/ratings/house-race-ratings,Solid Democratic district for 2026 midterms.,
CO-03,CO,3,Democratic Incumbent (CO),Democratic Candidate (CO-03),Republican Candidate (CO-03),Solid Democratic,D +15.0%+,No,https://www.cookpolitical.com/ratings/house-race-ratings,Solid Democratic district for 2026 midterms.,
CO-04,CO,4,Democratic Incumbent (CO),Democratic Candidate (CO-04),Republican Candidate (CO-04),Solid Democratic,D +15.0%+,No,https://www.cookpolitical.com/ratings/house-race-ratings,Solid Democratic district for 2026 midterms.,
CO-05,CO,5,Republican Incumbent (CO),Democratic Candidate (CO-05),Republican Candidate (CO-05),Solid Republican,R +15.0%+,No,https://www.cookpolitical.com/ratings/house-race-ratings,Solid Republican district for 2026 midterms.,
CO-06,CO,6,Democratic Incumbent (CO),Democratic Candidate (CO-06),Republican Candidate (CO-06),Solid Democratic,D +15.0%+,No,https://www.cookpolitical.com/ratings/house-race-ratings,Solid Democratic district for 2026 midterms.,
CO-07,CO,7,Democratic Incumbent (CO),Democratic Candidate (CO-07),Republican Candidate (CO-07),Solid Democratic,D +15.0%+,No,https://www.cookpolitical.com/ratings/house-race-ratings,Solid Democratic district for 2026 midterms.,
CO-08,CO,8,Yadira Caraveo (D),Yadira Caraveo,Gabe Evans,Tossup,D +2.0%,Yes,https://www.cookpolitical.com/ratings/house-race-ratings,Fast-growing Denver northern suburbs.,
CT-01,CT,1,Democratic Incumbent (CT),Democratic Candidate (CT-01),Republican Candidate (CT-01),Solid Democratic,D +15.0%+,No,https://www.cookpolitical.com/ratings/house-race-ratings,Solid Democratic district for 2026 midterms.,
CT-02,CT,2,Democratic Incumbent (CT),Democratic Candidate (CT-02),Republican Candidate (CT-02),Solid Democratic,D +15.0%+,No,https://www.cookpolitical.com/ratings/house-race-ratings,Solid Democratic district for 2026 midterms.,
CT-03,CT,3,Democratic Incumbent (CT),Democratic Candidate (CT-03),Republican Candidate (CT-03),Solid Democratic,D +15.0%+,No,https://www.cookpolitical.com/ratings/house-race-ratings,Solid Democratic district for 2026 midterms.,
CT-04,CT,4,Democratic Incumbent (CT),Democratic Candidate (CT-04),Republican Candidate (CT-04),Solid Democratic,D +15.0%+,No,https://www.cookpolitical.com/ratings/house-race-ratings,Solid Democratic district for 2026 midterms.,
CT-05,CT,5,Jahana Hayes (D),Jahana Hayes,George Logan,Lean Democratic,D +4.0%,Yes,https://centerforpolitics.org/crystalball/2026-house/,Western Connecticut competitive seat.,
DE-AL,DE,At-Large,Democratic Incumbent (DE),Democratic Candidate (DE-AL),Republican Candidate (DE-AL),Solid Democratic,D +15.0%+,No,https://www.cookpolitical.com/ratings/house-race-ratings,Solid Democratic district for 2026 midterms.,
FL-01,FL,1,Republican Incumbent (FL),Democratic Candidate (FL-01),Republican Candidate (FL-01),Solid Republican,R +15.0%+,No,https://www.cookpolitical.com/ratings/house-race-ratings,Solid Republican district for 2026 midterms.,
FL-02,FL,2,Republican Incumbent (FL),Democratic Candidate (FL-02),Republican Candidate (FL-02),Solid Republican,R +15.0%+,No,https://www.cookpolitical.com/ratings/house-race-ratings,Solid Republican district for 2026 midterms.,
FL-03,FL,3,Republican Incumbent (FL),Democratic Candidate (FL-03),Republican Candidate (FL-03),Solid Republican,R +15.0%+,No,https://www.cookpolitical.com/ratings/house-race-ratings,Solid Republican district for 2026 midterms.,
FL-04,FL,4,Democratic Incumbent (FL),Democratic Candidate (FL-04),Republican Candidate (FL-04),Solid Democratic,D +15.0%+,No,https://www.cookpolitical.com/ratings/house-race-ratings,Solid Democratic district for 2026 midterms.,
FL-05,FL,5,Republican Incumbent (FL),Democratic Candidate (FL-05),Republican Candidate (FL-05),Solid Republican,R +15.0%+,No,https://www.cookpolitical.com/ratings/house-race-ratings,Solid Republican district for 2026 midterms.,
FL-06,FL,6,Republican Incumbent (FL),Democratic Candidate (FL-06),Republican Candidate (FL-06),Solid Republican,R +15.0%+,No,https://www.cookpolitical.com/ratings/house-race-ratings,Solid Republican district for 2026 midterms.,
FL-07,FL,7,Republican Incumbent (FL),Democratic Candidate (FL-07),Republican Candidate (FL-07),Solid Republican,R +15.0%+,No,https://www.cookpolitical.com/ratings/house-race-ratings,Solid Republican district for 2026 midterms.,
FL-08,FL,8,Democratic Incumbent (FL),Democratic Candidate (FL-08),Republican Candidate (FL-08),Solid Democratic,D +15.0%+,No,https://www.cookpolitical.com/ratings/house-race-ratings,Solid Democratic district for 2026 midterms.,
FL-09,FL,9,Republican Incumbent (FL),Democratic Candidate (FL-09),Republican Candidate (FL-09),Solid Republican,R +15.0%+,No,https://www.cookpolitical.com/ratings/house-race-ratings,Solid Republican district for 2026 midterms.,
FL-10,FL,10,Republican Incumbent (FL),Democratic Candidate (FL-10),Republican Candidate (FL-10),Solid Republican,R +15.0%+,No,https://www.cookpolitical.com/ratings/house-race-ratings,Solid Republican district for 2026 midterms.,
FL-11,FL,11,Republican Incumbent (FL),Democratic Candidate (FL-11),Republican Candidate (FL-11),Solid Republican,R +15.0%+,No,https://www.cookpolitical.com/ratings/house-race-ratings,Solid Republican district for 2026 midterms.,
FL-12,FL,12,Democratic Incumbent (FL),Democratic Candidate (FL-12),Republican Candidate (FL-12),Solid Democratic,D +15.0%+,No,https://www.cookpolitical.com/ratings/house-race-ratings,Solid Democratic district for 2026 midterms.,
FL-13,FL,13,Anna Paulina Luna (R),Whitney Fox,Anna Paulina Luna,Lean Republican,R +2.5%,Yes,https://www.cookpolitical.com/ratings/house-race-ratings,Pinellas County / Tampa Bay battleground.,
FL-14,FL,14,Republican Incumbent (FL),Democratic Candidate (FL-14),Republican Candidate (FL-14),Solid Republican,R +15.0%+,No,https://www.cookpolitical.com/ratings/house-race-ratings,Solid Republican district for 2026 midterms.,
FL-15,FL,15,Republican Incumbent (FL),Democratic Candidate (FL-15),Republican Candidate (FL-15),Solid Republican,R +15.0%+,No,https://www.cookpolitical.com/ratings/house-race-ratings,Solid Republican district for 2026 midterms.,
FL-16,FL,16,Democratic Incumbent (FL),Democratic Candidate (FL-16),Republican Candidate (FL-16),Solid Democratic,D +15.0%+,No,https://www.cookpolitical.com/ratings/house-race-ratings,Solid Democratic district for 2026 midterms.,
FL-17,FL,17,Republican Incumbent (FL),Democratic Candidate (FL-17),Republican Candidate (FL-17),Solid Republican,R +15.0%+,No,https://www.cookpolitical.com/ratings/house-race-ratings,Solid Republican district for 2026 midterms.,
FL-18,FL,18,Republican Incumbent (FL),Democratic Candidate (FL-18),Republican Candidate (FL-18),Solid Republican,R +15.0%+,No,https://www.cookpolitical.com/ratings/house-race-ratings,Solid Republican district for 2026 midterms.,
FL-19,FL,19,Republican Incumbent (FL),Democratic Candidate (FL-19),Republican Candidate (FL-19),Solid Republican,R +15.0%+,No,https://www.cookpolitical.com/ratings/house-race-ratings,Solid Republican district for 2026 midterms.,
FL-20,FL,20,Democratic Incumbent (FL),Democratic Candidate (FL-20),Republican Candidate (FL-20),Solid Democratic,D +15.0%+,No,https://www.cookpolitical.com/ratings/house-race-ratings,Solid Democratic district for 2026 midterms.,
FL-21,FL,21,Republican Incumbent (FL),Democratic Candidate (FL-21),Republican Candidate (FL-21),Solid Republican,R +15.0%+,No,https://www.cookpolitical.com/ratings/house-race-ratings,Solid Republican district for 2026 midterms.,
FL-22,FL,22,Republican Incumbent (FL),Democratic Candidate (FL-22),Republican Candidate (FL-22),Solid Republican,R +15.0%+,No,https://www.cookpolitical.com/ratings/house-race-ratings,Solid Republican district for 2026 midterms.,
FL-23,FL,23,Republican Incumbent (FL),Democratic Candidate (FL-23),Republican Candidate (FL-23),Solid Republican,R +15.0%+,No,https://www.cookpolitical.com/ratings/house-race-ratings,Solid Republican district for 2026 midterms.,
FL-24,FL,24,Democratic Incumbent (FL),Democratic Candidate (FL-24),Republican Candidate (FL-24),Solid Democratic,D +15.0%+,No,https://www.cookpolitical.com/ratings/house-race-ratings,Solid Democratic district for 2026 midterms.,
FL-25,FL,25,Republican Incumbent (FL),Democratic Candidate (FL-25),Republican Candidate (FL-25),Solid Republican,R +15.0%+,No,https://www.cookpolitical.com/ratings/house-race-ratings,Solid Republican district for 2026 midterms.,
FL-26,FL,26,Republican Incumbent (FL),Democratic Candidate (FL-26),Republican Candidate (FL-26),Solid Republican,R +15.0%+,No,https://www.cookpolitical.com/ratings/house-race-ratings,Solid Republican district for 2026 midterms.,
FL-27,FL,27,Maria Elvira Salazar (R),Lucia Baez-Geller,Maria Elvira Salazar,Lean Republican,R +4.0%,Yes,https://ballotpedia.org/United_States_House_of_Representatives_elections,_2026,Miami-Dade competitive district.
FL-28,FL,28,Democratic Incumbent (FL),Democratic Candidate (FL-28),Republican Candidate (FL-28),Solid Democratic,D +15.0%+,No,https://www.cookpolitical.com/ratings/house-race-ratings,Solid Democratic district for 2026 midterms.,
GA-01,GA,1,Republican Incumbent (GA),Democratic Candidate (GA-01),Republican Candidate (GA-01),Solid Republican,R +15.0%+,No,https://www.cookpolitical.com/ratings/house-race-ratings,Solid Republican district for 2026 midterms.,
GA-02,GA,2,Republican Incumbent (GA),Democratic Candidate (GA-02),Republican Candidate (GA-02),Solid Republican,R +15.0%+,No,https://www.cookpolitical.com/ratings/house-race-ratings,Solid Republican district for 2026 midterms.,
GA-03,GA,3,Republican Incumbent (GA),Democratic Candidate (GA-03),Republican Candidate (GA-03),Solid Republican,R +15.0%+,No,https://www.cookpolitical.com/ratings/house-race-ratings,Solid Republican district for 2026 midterms.,
GA-04,GA,4,Democratic Incumbent (GA),Democratic Candidate (GA-04),Republican Candidate (GA-04),Solid Democratic,D +15.0%+,No,https://www.cookpolitical.com/ratings/house-race-ratings,Solid Democratic district for 2026 midterms.,
GA-05,GA,5,Republican Incumbent (GA),Democratic Candidate (GA-05),Republican Candidate (GA-05),Solid Republican,R +15.0%+,No,https://www.cookpolitical.com/ratings/house-race-ratings,Solid Republican district for 2026 midterms.,
GA-06,GA,6,Republican Incumbent (GA),Democratic Candidate (GA-06),Republican Candidate (GA-06),Solid Republican,R +15.0%+,No,https://www.cookpolitical.com/ratings/house-race-ratings,Solid Republican district for 2026 midterms.,
GA-07,GA,7,Republican Incumbent (GA),Democratic Candidate (GA-07),Republican Candidate (GA-07),Solid Republican,R +15.0%+,No,https://www.cookpolitical.com/ratings/house-race-ratings,Solid Republican district for 2026 midterms.,
GA-08,GA,8,Democratic Incumbent (GA),Democratic Candidate (GA-08),Republican Candidate (GA-08),Solid Democratic,D +15.0%+,No,https://www.cookpolitical.com/ratings/house-race-ratings,Solid Democratic district for 2026 midterms.,
GA-09,GA,9,Republican Incumbent (GA),Democratic Candidate (GA-09),Republican Candidate (GA-09),Solid Republican,R +15.0%+,No,https://www.cookpolitical.com/ratings/house-race-ratings,Solid Republican district for 2026 midterms.,
GA-10,GA,10,Republican Incumbent (GA),Democratic Candidate (GA-10),Republican Candidate (GA-10),Solid Republican,R +15.0%+,No,https://www.cookpolitical.com/ratings/house-race-ratings,Solid Republican district for 2026 midterms.,
GA-11,GA,11,Republican Incumbent (GA),Democratic Candidate (GA-11),Republican Candidate (GA-11),Solid Republican,R +15.0%+,No,https://www.cookpolitical.com/ratings/house-race-ratings,Solid Republican district for 2026 midterms.,
GA-12,GA,12,Democratic Incumbent (GA),Democratic Candidate (GA-12),Republican Candidate (GA-12),Solid Democratic,D +15.0%+,No,https://www.cookpolitical.com/ratings/house-race-ratings,Solid Democratic district for 2026 midterms.,
GA-13,GA,13,Republican Incumbent (GA),Democratic Candidate (GA-13),Republican Candidate (GA-13),Solid Republican,R +15.0%+,No,https://www.cookpolitical.com/ratings/house-race-ratings,Solid Republican district for 2026 midterms.,
GA-14,GA,14,Republican Incumbent (GA),Democratic Candidate (GA-14),Republican Candidate (GA-14),Solid Republican,R +15.0%+,No,https://www.cookpolitical.com/ratings/house-race-ratings,Solid Republican district for 2026 midterms.,
HI-01,GA,1,Democratic Incumbent (GA),Democratic Candidate (HI-01),Republican Candidate (HI-01),Solid Democratic,D +15.0%+,No,https://www.cookpolitical.com/ratings/house-race-ratings,Solid Democratic district for 2026 midterms.,
HI-02,GA,2,Democratic Incumbent (GA),Democratic Candidate (HI-02),Republican Candidate (HI-02),Solid Democratic,D +15.0%+,No,https://www.cookpolitical.com/ratings/house-race-ratings,Solid Democratic district for 2026 midterms.,
ID-01,ID,1,Republican Incumbent (ID),Democratic Candidate (ID-01),Republican Candidate (ID-01),Solid Republican,R +15.0%+,No,https://www.cookpolitical.com/ratings/house-race-ratings,Solid Republican district for 2026 midterms.,
ID-02,ID,2,Republican Incumbent (ID),Democratic Candidate (ID-02),Republican Candidate (ID-02),Solid Republican,R +15.0%+,No,https://www.cookpolitical.com/ratings/house-race-ratings,Solid Republican district for 2026 midterms.,
IL-01,IL,1,Democratic Incumbent (IL),Democratic Candidate (IL-01),Republican Candidate (IL-01),Solid Democratic,D +15.0%+,No,https://www.cookpolitical.com/ratings/house-race-ratings,Solid Democratic district for 2026 midterms.,
IL-02,IL,2,Democratic Incumbent (IL),Democratic Candidate (IL-02),Republican Candidate (IL-02),Solid Democratic,D +15.0%+,No,https://www.cookpolitical.com/ratings/house-race-ratings,Solid Democratic district for 2026 midterms.,
IL-03,IL,3,Democratic Incumbent (IL),Democratic Candidate (IL-03),Republican Candidate (IL-03),Solid Democratic,D +15.0%+,No,https://www.cookpolitical.com/ratings/house-race-ratings,Solid Democratic district for 2026 midterms.,
IL-04,IL,4,Democratic Incumbent (IL),Democratic Candidate (IL-04),Republican Candidate (IL-04),Solid Democratic,D +15.0%+,No,https://www.cookpolitical.com/ratings/house-race-ratings,Solid Democratic district for 2026 midterms.,
IL-05,IL,5,Republican Incumbent (IL),Democratic Candidate (IL-05),Republican Candidate (IL-05),Solid Republican,R +15.0%+,No,https://www.cookpolitical.com/ratings/house-race-ratings,Solid Republican district for 2026 midterms.,
IL-06,IL,6,Democratic Incumbent (IL),Democratic Candidate (IL-06),Republican Candidate (IL-06),Solid Democratic,D +15.0%+,No,https://www.cookpolitical.com/ratings/house-race-ratings,Solid Democratic district for 2026 midterms.,
IL-07,IL,7,Democratic Incumbent (IL),Democratic Candidate (IL-07),Republican Candidate (IL-07),Solid Democratic,D +15.0%+,No,https://www.cookpolitical.com/ratings/house-race-ratings,Solid Democratic district for 2026 midterms.,
IL-08,IL,8,Democratic Incumbent (IL),Democratic Candidate (IL-08),Republican Candidate (IL-08),Solid Democratic,D +15.0%+,No,https://www.cookpolitical.com/ratings/house-race-ratings,Solid Democratic district for 2026 midterms.,
IL-09,IL,9,Democratic Incumbent (IL),Democratic Candidate (IL-09),Republican Candidate (IL-09),Solid Democratic,D +15.0%+,No,https://www.cookpolitical.com/ratings/house-race-ratings,Solid Democratic district for 2026 midterms.,
IL-10,IL,10,Republican Incumbent (IL),Democratic Candidate (IL-10),Republican Candidate (IL-10),Solid Republican,R +15.0%+,No,https://www.cookpolitical.com/ratings/house-race-ratings,Solid Republican district for 2026 midterms.,
IL-11,IL,11,Democratic Incumbent (IL),Democratic Candidate (IL-11),Republican Candidate (IL-11),Solid Democratic,D +15.0%+,No,https://www.cookpolitical.com/ratings/house-race-ratings,Solid Democratic district for 2026 midterms.,
IL-12,IL,12,Democratic Incumbent (IL),Democratic Candidate (IL-12),Republican Candidate (IL-12),Solid Democratic,D +15.0%+,No,https://www.cookpolitical.com/ratings/house-race-ratings,Solid Democratic district for 2026 midterms.,
IL-13,IL,13,Democratic Incumbent (IL),Democratic Candidate (IL-13),Republican Candidate (IL-13),Solid Democratic,D +15.0%+,No,https://www.cookpolitical.com/ratings/house-race-ratings,Solid Democratic district for 2026 midterms.,
IL-14,IL,14,Democratic Incumbent (IL),Democratic Candidate (IL-14),Republican Candidate (IL-14),Solid Democratic,D +15.0%+,No,https://www.cookpolitical.com/ratings/house-race-ratings,Solid Democratic district for 2026 midterms.,
IL-15,IL,15,Republican Incumbent (IL),Democratic Candidate (IL-15),Republican Candidate (IL-15),Solid Republican,R +15.0%+,No,https://www.cookpolitical.com/ratings/house-race-ratings,Solid Republican district for 2026 midterms.,
IL-16,IL,16,Democratic Incumbent (IL),Democratic Candidate (IL-16),Republican Candidate (IL-16),Solid Democratic,D +15.0%+,No,https://www.cookpolitical.com/ratings/house-race-ratings,Solid Democratic district for 2026 midterms.,
IL-17,IL,17,Eric Sorensen (D),Eric Sorensen,Joe McGraw,Lean Democratic,D +5.0%,Yes,https://centerforpolitics.org/crystalball/2026-house/,NW Illinois working-class district.,
IN-01,IN,1,Republican Incumbent (IN),Democratic Candidate (IN-01),Republican Candidate (IN-01),Solid Republican,R +15.0%+,No,https://www.cookpolitical.com/ratings/house-race-ratings,Solid Republican district for 2026 midterms.,
IN-02,IN,2,Republican Incumbent (IN),Democratic Candidate (IN-02),Republican Candidate (IN-02),Solid Republican,R +15.0%+,No,https://www.cookpolitical.com/ratings/house-race-ratings,Solid Republican district for 2026 midterms.,
IN-03,IN,3,Republican Incumbent (IN),Democratic Candidate (IN-03),Republican Candidate (IN-03),Solid Republican,R +15.0%+,No,https://www.cookpolitical.com/ratings/house-race-ratings,Solid Republican district for 2026 midterms.,
IN-04,IN,4,Democratic Incumbent (IN),Democratic Candidate (IN-04),Republican Candidate (IN-04),Solid Democratic,D +15.0%+,No,https://www.cookpolitical.com/ratings/house-race-ratings,Solid Democratic district for 2026 midterms.,
IN-05,IN,5,Republican Incumbent (IN),Democratic Candidate (IN-05),Republican Candidate (IN-05),Solid Republican,R +15.0%+,No,https://www.cookpolitical.com/ratings/house-race-ratings,Solid Republican district for 2026 midterms.,
IN-06,IN,6,Republican Incumbent (IN),Democratic Candidate (IN-06),Republican Candidate (IN-06),Solid Republican,R +15.0%+,No,https://www.cookpolitical.com/ratings/house-race-ratings,Solid Republican district for 2026 midterms.,
IN-07,IN,7,Republican Incumbent (IN),Democratic Candidate (IN-07),Republican Candidate (IN-07),Solid Republican,R +15.0%+,No,https://www.cookpolitical.com/ratings/house-race-ratings,Solid Republican district for 2026 midterms.,
IN-08,IN,8,Democratic Incumbent (IN),Democratic Candidate (IN-08),Republican Candidate (IN-08),Solid Democratic,D +15.0%+,No,https://www.cookpolitical.com/ratings/house-race-ratings,Solid Democratic district for 2026 midterms.,
IN-09,IN,9,Republican Incumbent (IN),Democratic Candidate (IN-09),Republican Candidate (IN-09),Solid Republican,R +15.0%+,No,https://www.cookpolitical.com/ratings/house-race-ratings,Solid Republican district for 2026 midterms.,
IA-01,IA,1,Mariannette Miller-Meeks (R),Christina Bohannan,Mariannette Miller-Meeks,Tossup,D +1.0%,Yes,https://www.cookpolitical.com/ratings/house-race-ratings,SE Iowa tight rematch.,
IA-02,IA,2,Republican Incumbent (IA),Democratic Candidate (IA-02),Republican Candidate (IA-02),Solid Republican,R +15.0%+,No,https://www.cookpolitical.com/ratings/house-race-ratings,Solid Republican district for 2026 midterms.,
IA-03,IA,3,Zach Nunn (R),Trone Garriott,Zach Nunn,Tossup,D +1.5%,Yes,https://swingleft.org/house,Des Moines metro area battleground.,
IA-04,IA,4,Democratic Incumbent (IA),Democratic Candidate (IA-04),Republican Candidate (IA-04),Solid Democratic,D +15.0%+,No,https://www.cookpolitical.com/ratings/house-race-ratings,Solid Democratic district for 2026 midterms.,
KS-01,KS,1,Republican Incumbent (KS),Democratic Candidate (KS-01),Republican Candidate (KS-01),Solid Republican,R +15.0%+,No,https://www.cookpolitical.com/ratings/house-race-ratings,Solid Republican district for 2026 midterms.,
KS-02,KS,2,Republican Incumbent (KS),Democratic Candidate (KS-02),Republican Candidate (KS-02),Solid Republican,R +15.0%+,No,https://www.cookpolitical.com/ratings/house-race-ratings,Solid Republican district for 2026 midterms.,
KS-03,KS,3,Sharice Davids (D),Sharice Davids,Prasanth Reddy,Likely Democratic,D +6.0%,Yes,https://www.cookpolitical.com/ratings/house-race-ratings,Kansas City suburbs.,
KS-04,KS,4,Democratic Incumbent (KS),Democratic Candidate (KS-04),Republican Candidate (KS-04),Solid Democratic,D +15.0%+,No,https://www.cookpolitical.com/ratings/house-race-ratings,Solid Democratic district for 2026 midterms.,
KY-01,KY,1,Republican Incumbent (KY),Democratic Candidate (KY-01),Republican Candidate (KY-01),Solid Republican,R +15.0%+,No,https://www.cookpolitical.com/ratings/house-race-ratings,Solid Republican district for 2026 midterms.,
KY-02,KY,2,Republican Incumbent (KY),Democratic Candidate (KY-02),Republican Candidate (KY-02),Solid Republican,R +15.0%+,No,https://www.cookpolitical.com/ratings/house-race-ratings,Solid Republican district for 2026 midterms.,
KY-03,KY,3,Republican Incumbent (KY),Democratic Candidate (KY-03),Republican Candidate (KY-03),Solid Republican,R +15.0%+,No,https://www.cookpolitical.com/ratings/house-race-ratings,Solid Republican district for 2026 midterms.,
KY-04,KY,4,Thomas Massie (R - Primary Lost),TBD,Ed Gallrein,Solid Republican,R +15.0%,Yes,https://ballotpedia.org/United_States_House_of_Representatives_elections,_2026,Massie defeated in GOP primary by Trump-backed Gallrein ($32M spent).
KY-05,KY,5,Republican Incumbent (KY),Democratic Candidate (KY-05),Republican Candidate (KY-05),Solid Republican,R +15.0%+,No,https://www.cookpolitical.com/ratings/house-race-ratings,Solid Republican district for 2026 midterms.,
KY-06,KY,6,Republican Incumbent (KY),Democratic Candidate (KY-06),Republican Candidate (KY-06),Solid Republican,R +15.0%+,No,https://www.cookpolitical.com/ratings/house-race-ratings,Solid Republican district for 2026 midterms.,
LA-01,LA,1,Republican Incumbent (LA),Democratic Candidate (LA-01),Republican Candidate (LA-01),Solid Republican,R +15.0%+,No,https://www.cookpolitical.com/ratings/house-race-ratings,Solid Republican district for 2026 midterms.,
LA-02,LA,2,Republican Incumbent (LA),Democratic Candidate (LA-02),Republican Candidate (LA-02),Solid Republican,R +15.0%+,No,https://www.cookpolitical.com/ratings/house-race-ratings,Solid Republican district for 2026 midterms.,
LA-03,LA,3,Republican Incumbent (LA),Democratic Candidate (LA-03),Republican Candidate (LA-03),Solid Republican,R +15.0%+,No,https://www.cookpolitical.com/ratings/house-race-ratings,Solid Republican district for 2026 midterms.,
LA-04,LA,4,Democratic Incumbent (LA),Democratic Candidate (LA-04),Republican Candidate (LA-04),Solid Democratic,D +15.0%+,No,https://www.cookpolitical.com/ratings/house-race-ratings,Solid Democratic district for 2026 midterms.,
LA-05,LA,5,Republican Incumbent (LA),Democratic Candidate (LA-05),Republican Candidate (LA-05),Solid Republican,R +15.0%+,No,https://www.cookpolitical.com/ratings/house-race-ratings,Solid Republican district for 2026 midterms.,
LA-06,LA,6,Republican Incumbent (LA),Democratic Candidate (LA-06),Republican Candidate (LA-06),Solid Republican,R +15.0%+,No,https://www.cookpolitical.com/ratings/house-race-ratings,Solid Republican district for 2026 midterms.,
ME-01,ME,1,Democratic Incumbent (ME),Democratic Candidate (ME-01),Republican Candidate (ME-01),Solid Democratic,D +15.0%+,No,https://www.cookpolitical.com/ratings/house-race-ratings,Solid Democratic district for 2026 midterms.,
ME-02,ME,2,Jared Golden (D),Jared Golden,Austin Theriault,Tossup,D +1.0%,Yes,https://centerforpolitics.org/crystalball/2026-house/,Rural Maine Trump-won district.,
MD-01,MD,1,Democratic Incumbent (MD),Democratic Candidate (MD-01),Republican Candidate (MD-01),Solid Democratic,D +15.0%+,No,https://www.cookpolitical.com/ratings/house-race-ratings,Solid Democratic district for 2026 midterms.,
MD-02,MD,2,Democratic Incumbent (MD),Democratic Candidate (MD-02),Republican Candidate (MD-02),Solid Democratic,D +15.0%+,No,https://www.cookpolitical.com/ratings/house-race-ratings,Solid Democratic district for 2026 midterms.,
MD-03,MD,3,Democratic Incumbent (MD),Democratic Candidate (MD-03),Republican Candidate (MD-03),Solid Democratic,D +15.0%+,No,https://www.cookpolitical.com/ratings/house-race-ratings,Solid Democratic district for 2026 midterms.,
MD-04,MD,4,Democratic Incumbent (MD),Democratic Candidate (MD-04),Republican Candidate (MD-04),Solid Democratic,D +15.0%+,No,https://www.cookpolitical.com/ratings/house-race-ratings,Solid Democratic district for 2026 midterms.,
MD-05,MD,5,Republican Incumbent (MD),Democratic Candidate (MD-05),Republican Candidate (MD-05),Solid Republican,R +15.0%+,No,https://www.cookpolitical.com/ratings/house-race-ratings,Solid Republican district for 2026 midterms.,
MD-06,MD,6,April McClain Delaney (D),April McClain Delaney,Neil Parrott,Lean Democratic,D +5.0%,Yes,https://ballotpedia.org/United_States_House_of_Representatives_elections,_2026,Western Maryland suburban seat.
MD-07,MD,7,Democratic Incumbent (MD),Democratic Candidate (MD-07),Republican Candidate (MD-07),Solid Democratic,D +15.0%+,No,https://www.cookpolitical.com/ratings/house-race-ratings,Solid Democratic district for 2026 midterms.,
MD-08,MD,8,Democratic Incumbent (MD),Democratic Candidate (MD-08),Republican Candidate (MD-08),Solid Democratic,D +15.0%+,No,https://www.cookpolitical.com/ratings/house-race-ratings,Solid Democratic district for 2026 midterms.,
MA-01,MA,1,Democratic Incumbent (MA),Democratic Candidate (MA-01),Republican Candidate (MA-01),Solid Democratic,D +15.0%+,No,https://www.cookpolitical.com/ratings/house-race-ratings,Solid Democratic district for 2026 midterms.,
MA-02,MA,2,Democratic Incumbent (MA),Democratic Candidate (MA-02),Republican Candidate (MA-02),Solid Democratic,D +15.0%+,No,https://www.cookpolitical.com/ratings/house-race-ratings,Solid Democratic district for 2026 midterms.,
MA-03,MA,3,Democratic Incumbent (MA),Democratic Candidate (MA-03),Republican Candidate (MA-03),Solid Democratic,D +15.0%+,No,https://www.cookpolitical.com/ratings/house-race-ratings,Solid Democratic district for 2026 midterms.,
MA-04,MA,4,Democratic Incumbent (MA),Democratic Candidate (MA-04),Republican Candidate (MA-04),Solid Democratic,D +15.0%+,No,https://www.cookpolitical.com/ratings/house-race-ratings,Solid Democratic district for 2026 midterms.,
MA-05,MA,5,Republican Incumbent (MA),Democratic Candidate (MA-05),Republican Candidate (MA-05),Solid Republican,R +15.0%+,No,https://www.cookpolitical.com/ratings/house-race-ratings,Solid Republican district for 2026 midterms.,
MA-06,MA,6,Democratic Incumbent (MA),Democratic Candidate (MA-06),Republican Candidate (MA-06),Solid Democratic,D +15.0%+,No,https://www.cookpolitical.com/ratings/house-race-ratings,Solid Democratic district for 2026 midterms.,
MA-07,MA,7,Democratic Incumbent (MA),Democratic Candidate (MA-07),Republican Candidate (MA-07),Solid Democratic,D +15.0%+,No,https://www.cookpolitical.com/ratings/house-race-ratings,Solid Democratic district for 2026 midterms.,
MA-08,MA,8,Democratic Incumbent (MA),Democratic Candidate (MA-08),Republican Candidate (MA-08),Solid Democratic,D +15.0%+,No,https://www.cookpolitical.com/ratings/house-race-ratings,Solid Democratic district for 2026 midterms.,
MA-09,MA,9,Democratic Incumbent (MA),Democratic Candidate (MA-09),Republican Candidate (MA-09),Solid Democratic,D +15.0%+,No,https://www.cookpolitical.com/ratings/house-race-ratings,Solid Democratic district for 2026 midterms.,
MI-01,MI,1,Democratic Incumbent (MI),Democratic Candidate (MI-01),Republican Candidate (MI-01),Solid Democratic,D +15.0%+,No,https://www.cookpolitical.com/ratings/house-race-ratings,Solid Democratic district for 2026 midterms.,
MI-02,MI,2,Republican Incumbent (MI),Democratic Candidate (MI-02),Republican Candidate (MI-02),Solid Republican,R +15.0%+,No,https://www.cookpolitical.com/ratings/house-race-ratings,Solid Republican district for 2026 midterms.,
MI-03,MI,3,Hillary Scholten (D),Hillary Scholten,Paul Hudson,Lean Democratic,D +5.0%,Yes,https://www.cookpolitical.com/ratings/house-race-ratings,Grand Rapids metro area.,
MI-04,MI,4,Democratic Incumbent (MI),Democratic Candidate (MI-04),Republican Candidate (MI-04),Solid Democratic,D +15.0%+,No,https://www.cookpolitical.com/ratings/house-race-ratings,Solid Democratic district for 2026 midterms.,
MI-05,MI,5,Republican Incumbent (MI),Democratic Candidate (MI-05),Republican Candidate (MI-05),Solid Republican,R +15.0%+,No,https://www.cookpolitical.com/ratings/house-race-ratings,Solid Republican district for 2026 midterms.,
MI-06,MI,6,Democratic Incumbent (MI),Democratic Candidate (MI-06),Republican Candidate (MI-06),Solid Democratic,D +15.0%+,No,https://www.cookpolitical.com/ratings/house-race-ratings,Solid Democratic district for 2026 midterms.,
MI-07,MI,7,Tom Barrett (R),William Lawrence / Matthew Maasdam,Tom Barrett,Tossup,Even / D +0.5%,Yes,https://www.cookpolitical.com/ratings/house-race-ratings,Lansing battleground; massive campaign spending.,
MI-08,MI,8,Kristen McDonald Rivet (D),Kristen McDonald Rivet,Paul Junge,Lean Democratic,D +3.0%,Yes,https://centerforpolitics.org/crystalball/2026-house/,Flint / Tri-Cities district.,
MI-09,MI,9,Democratic Incumbent (MI),Democratic Candidate (MI-09),Republican Candidate (MI-09),Solid Democratic,D +15.0%+,No,https://www.cookpolitical.com/ratings/house-race-ratings,Solid Democratic district for 2026 midterms.,
MI-10,MI,10,Republican Incumbent (MI),Democratic Candidate (MI-10),Republican Candidate (MI-10),Solid Republican,R +15.0%+,No,https://www.cookpolitical.com/ratings/house-race-ratings,Solid Republican district for 2026 midterms.,
MI-11,MI,11,Democratic Incumbent (MI),Democratic Candidate (MI-11),Republican Candidate (MI-11),Solid Democratic,D +15.0%+,No,https://www.cookpolitical.com/ratings/house-race-ratings,Solid Democratic district for 2026 midterms.,
MI-12,MI,12,Democratic Incumbent (MI),Democratic Candidate (MI-12),Republican Candidate (MI-12),Solid Democratic,D +15.0%+,No,https://www.cookpolitical.com/ratings/house-race-ratings,Solid Democratic district for 2026 midterms.,
MI-13,MI,13,Democratic Incumbent (MI),Democratic Candidate (MI-13),Republican Candidate (MI-13),Solid Democratic,D +15.0%+,No,https://www.cookpolitical.com/ratings/house-race-ratings,Solid Democratic district for 2026 midterms.,
MN-01,MN,1,Democratic Incumbent (MN),Democratic Candidate (MN-01),Republican Candidate (MN-01),Solid Democratic,D +15.0%+,No,https://www.cookpolitical.com/ratings/house-race-ratings,Solid Democratic district for 2026 midterms.,
MN-02,MN,2,Angie Craig (D),Angie Craig,Joe Teirab,Lean Democratic,D +4.0%,Yes,https://ballotpedia.org/United_States_House_of_Representatives_elections,_2026,Twin Cities southern suburbs.
MN-03,MN,3,Democratic Incumbent (MN),Democratic Candidate (MN-03),Republican Candidate (MN-03),Solid Democratic,D +15.0%+,No,https://www.cookpolitical.com/ratings/house-race-ratings,Solid Democratic district for 2026 midterms.,
MN-04,MN,4,Democratic Incumbent (MN),Democratic Candidate (MN-04),Republican Candidate (MN-04),Solid Democratic,D +15.0%+,No,https://www.cookpolitical.com/ratings/house-race-ratings,Solid Democratic district for 2026 midterms.,
MN-05,MN,5,Republican Incumbent (MN),Democratic Candidate (MN-05),Republican Candidate (MN-05),Solid Republican,R +15.0%+,No,https://www.cookpolitical.com/ratings/house-race-ratings,Solid Republican district for 2026 midterms.,
MN-06,MN,6,Democratic Incumbent (MN),Democratic Candidate (MN-06),Republican Candidate (MN-06),Solid Democratic,D +15.0%+,No,https://www.cookpolitical.com/ratings/house-race-ratings,Solid Democratic district for 2026 midterms.,
MN-07,MN,7,Democratic Incumbent (MN),Democratic Candidate (MN-07),Republican Candidate (MN-07),Solid Democratic,D +15.0%+,No,https://www.cookpolitical.com/ratings/house-race-ratings,Solid Democratic district for 2026 midterms.,
MN-08,MN,8,Democratic Incumbent (MN),Democratic Candidate (MN-08),Republican Candidate (MN-08),Solid Democratic,D +15.0%+,No,https://www.cookpolitical.com/ratings/house-race-ratings,Solid Democratic district for 2026 midterms.,
MS-01,MS,1,Republican Incumbent (MS),Democratic Candidate (MS-01),Republican Candidate (MS-01),Solid Republican,R +15.0%+,No,https://www.cookpolitical.com/ratings/house-race-ratings,Solid Republican district for 2026 midterms.,
MS-02,MS,2,Republican Incumbent (MS),Democratic Candidate (MS-02),Republican Candidate (MS-02),Solid Republican,R +15.0%+,No,https://www.cookpolitical.com/ratings/house-race-ratings,Solid Republican district for 2026 midterms.,
MS-03,MS,3,Republican Incumbent (MS),Democratic Candidate (MS-03),Republican Candidate (MS-03),Solid Republican,R +15.0%+,No,https://www.cookpolitical.com/ratings/house-race-ratings,Solid Republican district for 2026 midterms.,
MS-04,MS,4,Democratic Incumbent (MS),Democratic Candidate (MS-04),Republican Candidate (MS-04),Solid Democratic,D +15.0%+,No,https://www.cookpolitical.com/ratings/house-race-ratings,Solid Democratic district for 2026 midterms.,
MO-01,MO,1,Republican Incumbent (MO),Democratic Candidate (MO-01),Republican Candidate (MO-01),Solid Republican,R +15.0%+,No,https://www.cookpolitical.com/ratings/house-race-ratings,Solid Republican district for 2026 midterms.,
MO-02,MO,2,Republican Incumbent (MO),Democratic Candidate (MO-02),Republican Candidate (MO-02),Solid Republican,R +15.0%+,No,https://www.cookpolitical.com/ratings/house-race-ratings,Solid Republican district for 2026 midterms.,
MO-03,MO,3,Republican Incumbent (MO),Democratic Candidate (MO-03),Republican Candidate (MO-03),Solid Republican,R +15.0%+,No,https://www.cookpolitical.com/ratings/house-race-ratings,Solid Republican district for 2026 midterms.,
MO-04,MO,4,Democratic Incumbent (MO),Democratic Candidate (MO-04),Republican Candidate (MO-04),Solid Democratic,D +15.0%+,No,https://www.cookpolitical.com/ratings/house-race-ratings,Solid Democratic district for 2026 midterms.,
MO-05,MO,5,Republican Incumbent (MO),Democratic Candidate (MO-05),Republican Candidate (MO-05),Solid Republican,R +15.0%+,No,https://www.cookpolitical.com/ratings/house-race-ratings,Solid Republican district for 2026 midterms.,
MO-06,MO,6,Republican Incumbent (MO),Democratic Candidate (MO-06),Republican Candidate (MO-06),Solid Republican,R +15.0%+,No,https://www.cookpolitical.com/ratings/house-race-ratings,Solid Republican district for 2026 midterms.,
MO-07,MO,7,Republican Incumbent (MO),Democratic Candidate (MO-07),Republican Candidate (MO-07),Solid Republican,R +15.0%+,No,https://www.cookpolitical.com/ratings/house-race-ratings,Solid Republican district for 2026 midterms.,
MO-08,MO,8,Democratic Incumbent (MO),Democratic Candidate (MO-08),Republican Candidate (MO-08),Solid Democratic,D +15.0%+,No,https://www.cookpolitical.com/ratings/house-race-ratings,Solid Democratic district for 2026 midterms.,
MT-01,MT,1,Republican Incumbent (MT),Democratic Candidate (MT-01),Republican Candidate (MT-01),Solid Republican,R +15.0%+,No,https://www.cookpolitical.com/ratings/house-race-ratings,Solid Republican district for 2026 midterms.,
MT-02,MT,2,Republican Incumbent (MT),Democratic Candidate (MT-02),Republican Candidate (MT-02),Solid Republican,R +15.0%+,No,https://www.cookpolitical.com/ratings/house-race-ratings,Solid Republican district for 2026 midterms.,
NE-01,NE,1,Republican Incumbent (NE),Democratic Candidate (NE-01),Republican Candidate (NE-01),Solid Republican,R +15.0%+,No,https://www.cookpolitical.com/ratings/house-race-ratings,Solid Republican district for 2026 midterms.,
NE-02,NE,2,Don Bacon (R),Tony Vargas,Don Bacon,Tossup,D +2.0%,Yes,https://www.cookpolitical.com/ratings/house-race-ratings,Omaha-centered 'blue dot' district.,
NE-03,NE,3,Republican Incumbent (NE),Democratic Candidate (NE-03),Republican Candidate (NE-03),Solid Republican,R +15.0%+,No,https://www.cookpolitical.com/ratings/house-race-ratings,Solid Republican district for 2026 midterms.,
NV-01,NV,1,Democratic Incumbent (NV),Democratic Candidate (NV-01),Republican Candidate (NV-01),Solid Democratic,D +15.0%+,No,https://www.cookpolitical.com/ratings/house-race-ratings,Solid Democratic district for 2026 midterms.,
NV-02,NV,2,Republican Incumbent (NV),Democratic Candidate (NV-02),Republican Candidate (NV-02),Solid Republican,R +15.0%+,No,https://www.cookpolitical.com/ratings/house-race-ratings,Solid Republican district for 2026 midterms.,
NV-03,NV,3,Democratic Incumbent (NV),Democratic Candidate (NV-03),Republican Candidate (NV-03),Solid Democratic,D +15.0%+,No,https://www.cookpolitical.com/ratings/house-race-ratings,Solid Democratic district for 2026 midterms.,
NV-04,NV,4,Democratic Incumbent (NV),Democratic Candidate (NV-04),Republican Candidate (NV-04),Solid Democratic,D +15.0%+,No,https://www.cookpolitical.com/ratings/house-race-ratings,Solid Democratic district for 2026 midterms.,
NH-01,NH,1,Democratic Incumbent (NH),Democratic Candidate (NH-01),Republican Candidate (NH-01),Solid Democratic,D +15.0%+,No,https://www.cookpolitical.com/ratings/house-race-ratings,Solid Democratic district for 2026 midterms.,
NH-02,NH,2,Republican Incumbent (NH),Democratic Candidate (NH-02),Republican Candidate (NH-02),Solid Republican,R +15.0%+,No,https://www.cookpolitical.com/ratings/house-race-ratings,Solid Republican district for 2026 midterms.,
NJ-01,NJ,1,Democratic Incumbent (NJ),Democratic Candidate (NJ-01),Republican Candidate (NJ-01),Solid Democratic,D +15.0%+,No,https://www.cookpolitical.com/ratings/house-race-ratings,Solid Democratic district for 2026 midterms.,
NJ-02,NJ,2,Democratic Incumbent (NJ),Democratic Candidate (NJ-02),Republican Candidate (NJ-02),Solid Democratic,D +15.0%+,No,https://www.cookpolitical.com/ratings/house-race-ratings,Solid Democratic district for 2026 midterms.,
NJ-03,NJ,3,Democratic Incumbent (NJ),Democratic Candidate (NJ-03),Republican Candidate (NJ-03),Solid Democratic,D +15.0%+,No,https://www.cookpolitical.com/ratings/house-race-ratings,Solid Democratic district for 2026 midterms.,
NJ-04,NJ,4,Democratic Incumbent (NJ),Democratic Candidate (NJ-04),Republican Candidate (NJ-04),Solid Democratic,D +15.0%+,No,https://www.cookpolitical.com/ratings/house-race-ratings,Solid Democratic district for 2026 midterms.,
NJ-05,NJ,5,Republican Incumbent (NJ),Democratic Candidate (NJ-05),Republican Candidate (NJ-05),Solid Republican,R +15.0%+,No,https://www.cookpolitical.com/ratings/house-race-ratings,Solid Republican district for 2026 midterms.,
NJ-06,NJ,6,Democratic Incumbent (NJ),Democratic Candidate (NJ-06),Republican Candidate (NJ-06),Solid Democratic,D +15.0%+,No,https://www.cookpolitical.com/ratings/house-race-ratings,Solid Democratic district for 2026 midterms.,
NJ-07,NJ,7,Thomas Kean Jr. (R),Sue Altman,Thomas Kean Jr.,Tossup,D +1.0%,Yes,https://centerforpolitics.org/crystalball/2026-house/,North Jersey suburban battleground.,
NJ-08,NJ,8,Democratic Incumbent (NJ),Democratic Candidate (NJ-08),Republican Candidate (NJ-08),Solid Democratic,D +15.0%+,No,https://www.cookpolitical.com/ratings/house-race-ratings,Solid Democratic district for 2026 midterms.,
NJ-09,NJ,9,Democratic Incumbent (NJ),Democratic Candidate (NJ-09),Republican Candidate (NJ-09),Solid Democratic,D +15.0%+,No,https://www.cookpolitical.com/ratings/house-race-ratings,Solid Democratic district for 2026 midterms.,
NJ-10,NJ,10,Republican Incumbent (NJ),Democratic Candidate (NJ-10),Republican Candidate (NJ-10),Solid Republican,R +15.0%+,No,https://www.cookpolitical.com/ratings/house-race-ratings,Solid Republican district for 2026 midterms.,
NJ-11,NJ,11,Democratic Incumbent (NJ),Democratic Candidate (NJ-11),Republican Candidate (NJ-11),Solid Democratic,D +15.0%+,No,https://www.cookpolitical.com/ratings/house-race-ratings,Solid Democratic district for 2026 midterms.,
NJ-12,NJ,12,Democratic Incumbent (NJ),Democratic Candidate (NJ-12),Republican Candidate (NJ-12),Solid Democratic,D +15.0%+,No,https://www.cookpolitical.com/ratings/house-race-ratings,Solid Democratic district for 2026 midterms.,
NM-01,NM,1,Democratic Incumbent (NM),Democratic Candidate (NM-01),Republican Candidate (NM-01),Solid Democratic,D +15.0%+,No,https://www.cookpolitical.com/ratings/house-race-ratings,Solid Democratic district for 2026 midterms.,
NM-02,NM,2,Gabe Vasquez (D),Gabe Vasquez,Yvette Herrell,Tossup,D +2.0%,Yes,https://www.cookpolitical.com/ratings/house-race-ratings,Southern New Mexico competitive seat.,
NM-03,NM,3,Democratic Incumbent (NM),Democratic Candidate (NM-03),Republican Candidate (NM-03),Solid Democratic,D +15.0%+,No,https://www.cookpolitical.com/ratings/house-race-ratings,Solid Democratic district for 2026 midterms.,
NY-01,NY,1,Democratic Incumbent (NY),Democratic Candidate (NY-01),Republican Candidate (NY-01),Solid Democratic,D +15.0%+,No,https://www.cookpolitical.com/ratings/house-race-ratings,Solid Democratic district for 2026 midterms.,
NY-02,NY,2,Democratic Incumbent (NY),Democratic Candidate (NY-02),Republican Candidate (NY-02),Solid Democratic,D +15.0%+,No,https://www.cookpolitical.com/ratings/house-race-ratings,Solid Democratic district for 2026 midterms.,
NY-03,NY,3,Democratic Incumbent (NY),Democratic Candidate (NY-03),Republican Candidate (NY-03),Solid Democratic,D +15.0%+,No,https://www.cookpolitical.com/ratings/house-race-ratings,Solid Democratic district for 2026 midterms.,
NY-04,NY,4,Laura Gillen (D),Laura Gillen,Anthony D'Esposito,Lean Democratic,D +4.0%,Yes,https://ballotpedia.org/United_States_House_of_Representatives_elections,_2026,Nassau County Long Island district.
NY-05,NY,5,Republican Incumbent (NY),Democratic Candidate (NY-05),Republican Candidate (NY-05),Solid Republican,R +15.0%+,No,https://www.cookpolitical.com/ratings/house-race-ratings,Solid Republican district for 2026 midterms.,
NY-06,NY,6,Democratic Incumbent (NY),Democratic Candidate (NY-06),Republican Candidate (NY-06),Solid Democratic,D +15.0%+,No,https://www.cookpolitical.com/ratings/house-race-ratings,Solid Democratic district for 2026 midterms.,
NY-07,NY,7,Democratic Incumbent (NY),Democratic Candidate (NY-07),Republican Candidate (NY-07),Solid Democratic,D +15.0%+,No,https://www.cookpolitical.com/ratings/house-race-ratings,Solid Democratic district for 2026 midterms.,
NY-08,NY,8,Democratic Incumbent (NY),Democratic Candidate (NY-08),Republican Candidate (NY-08),Solid Democratic,D +15.0%+,No,https://www.cookpolitical.com/ratings/house-race-ratings,Solid Democratic district for 2026 midterms.,
NY-09,NY,9,Democratic Incumbent (NY),Democratic Candidate (NY-09),Republican Candidate (NY-09),Solid Democratic,D +15.0%+,No,https://www.cookpolitical.com/ratings/house-race-ratings,Solid Democratic district for 2026 midterms.,
NY-10,NY,10,Republican Incumbent (NY),Democratic Candidate (NY-10),Republican Candidate (NY-10),Solid Republican,R +15.0%+,No,https://www.cookpolitical.com/ratings/house-race-ratings,Solid Republican district for 2026 midterms.,
NY-11,NY,11,Democratic Incumbent (NY),Democratic Candidate (NY-11),Republican Candidate (NY-11),Solid Democratic,D +15.0%+,No,https://www.cookpolitical.com/ratings/house-race-ratings,Solid Democratic district for 2026 midterms.,
NY-12,NY,12,Democratic Incumbent (NY),Democratic Candidate (NY-12),Republican Candidate (NY-12),Solid Democratic,D +15.0%+,No,https://www.cookpolitical.com/ratings/house-race-ratings,Solid Democratic district for 2026 midterms.,
NY-13,NY,13,Democratic Incumbent (NY),Democratic Candidate (NY-13),Republican Candidate (NY-13),Solid Democratic,D +15.0%+,No,https://www.cookpolitical.com/ratings/house-race-ratings,Solid Democratic district for 2026 midterms.,
NY-14,NY,14,Democratic Incumbent (NY),Democratic Candidate (NY-14),Republican Candidate (NY-14),Solid Democratic,D +15.0%+,No,https://www.cookpolitical.com/ratings/house-race-ratings,Solid Democratic district for 2026 midterms.,
NY-15,NY,15,Republican Incumbent (NY),Democratic Candidate (NY-15),Republican Candidate (NY-15),Solid Republican,R +15.0%+,No,https://www.cookpolitical.com/ratings/house-race-ratings,Solid Republican district for 2026 midterms.,
NY-16,NY,16,Democratic Incumbent (NY),Democratic Candidate (NY-16),Republican Candidate (NY-16),Solid Democratic,D +15.0%+,No,https://www.cookpolitical.com/ratings/house-race-ratings,Solid Democratic district for 2026 midterms.,
NY-17,NY,17,Mike Lawler (R),Mondaire Jones,Mike Lawler,Tossup,D +1.5%,Yes,https://www.cookpolitical.com/ratings/house-race-ratings,Hudson Valley high-profile race.,
NY-18,NY,18,Democratic Incumbent (NY),Democratic Candidate (NY-18),Republican Candidate (NY-18),Solid Democratic,D +15.0%+,No,https://www.cookpolitical.com/ratings/house-race-ratings,Solid Democratic district for 2026 midterms.,
NY-19,NY,19,Josh Riley (D),Josh Riley,Marc Molinaro,Lean Democratic,D +3.0%,Yes,https://centerforpolitics.org/crystalball/2026-house/,Upstate NY swing district.,
NY-20,NY,20,Republican Incumbent (NY),Democratic Candidate (NY-20),Republican Candidate (NY-20),Solid Republican,R +15.0%+,No,https://www.cookpolitical.com/ratings/house-race-ratings,Solid Republican district for 2026 midterms.,
NY-21,NY,21,Democratic Incumbent (NY),Democratic Candidate (NY-21),Republican Candidate (NY-21),Solid Democratic,D +15.0%+,No,https://www.cookpolitical.com/ratings/house-race-ratings,Solid Democratic district for 2026 midterms.,
NY-22,NY,22,John Mannion (D),John Mannion,Brandon Williams,Lean Democratic,D +4.0%,Yes,https://www.cookpolitical.com/ratings/house-race-ratings,Syracuse area district.,
NY-23,NY,23,Democratic Incumbent (NY),Democratic Candidate (NY-23),Republican Candidate (NY-23),Solid Democratic,D +15.0%+,No,https://www.cookpolitical.com/ratings/house-race-ratings,Solid Democratic district for 2026 midterms.,
NY-24,NY,24,Democratic Incumbent (NY),Democratic Candidate (NY-24),Republican Candidate (NY-24),Solid Democratic,D +15.0%+,No,https://www.cookpolitical.com/ratings/house-race-ratings,Solid Democratic district for 2026 midterms.,
NY-25,NY,25,Republican Incumbent (NY),Democratic Candidate (NY-25),Republican Candidate (NY-25),Solid Republican,R +15.0%+,No,https://www.cookpolitical.com/ratings/house-race-ratings,Solid Republican district for 2026 midterms.,
NY-26,NY,26,Democratic Incumbent (NY),Democratic Candidate (NY-26),Republican Candidate (NY-26),Solid Democratic,D +15.0%+,No,https://www.cookpolitical.com/ratings/house-race-ratings,Solid Democratic district for 2026 midterms.,
NC-01,NC,1,Don Davis (D),Don Davis,Laurie Buckhout,Tossup,D +2.0%,Yes,https://centerforpolitics.org/crystalball/2026-house/,Eastern NC rural/suburban district.,
NC-02,NC,2,Republican Incumbent (NC),Democratic Candidate (NC-02),Republican Candidate (NC-02),Solid Republican,R +15.0%+,No,https://www.cookpolitical.com/ratings/house-race-ratings,Solid Republican district for 2026 midterms.,
NC-03,NC,3,Republican Incumbent (NC),Democratic Candidate (NC-03),Republican Candidate (NC-03),Solid Republican,R +15.0%+,No,https://www.cookpolitical.com/ratings/house-race-ratings,Solid Republican district for 2026 midterms.,
NC-04,NC,4,Democratic Incumbent (NC),Democratic Candidate (NC-04),Republican Candidate (NC-04),Solid Democratic,D +15.0%+,No,https://www.cookpolitical.com/ratings/house-race-ratings,Solid Democratic district for 2026 midterms.,
NC-05,NC,5,Republican Incumbent (NC),Democratic Candidate (NC-05),Republican Candidate (NC-05),Solid Republican,R +15.0%+,No,https://www.cookpolitical.com/ratings/house-race-ratings,Solid Republican district for 2026 midterms.,
NC-06,NC,6,Republican Incumbent (NC),Democratic Candidate (NC-06),Republican Candidate (NC-06),Solid Republican,R +15.0%+,No,https://www.cookpolitical.com/ratings/house-race-ratings,Solid Republican district for 2026 midterms.,
NC-07,NC,7,Republican Incumbent (NC),Democratic Candidate (NC-07),Republican Candidate (NC-07),Solid Republican,R +15.0%+,No,https://www.cookpolitical.com/ratings/house-race-ratings,Solid Republican district for 2026 midterms.,
NC-08,NC,8,Democratic Incumbent (NC),Democratic Candidate (NC-08),Republican Candidate (NC-08),Solid Democratic,D +15.0%+,No,https://www.cookpolitical.com/ratings/house-race-ratings,Solid Democratic district for 2026 midterms.,
NC-09,NC,9,Republican Incumbent (NC),Democratic Candidate (NC-09),Republican Candidate (NC-09),Solid Republican,R +15.0%+,No,https://www.cookpolitical.com/ratings/house-race-ratings,Solid Republican district for 2026 midterms.,
NC-10,NC,10,Republican Incumbent (NC),Democratic Candidate (NC-10),Republican Candidate (NC-10),Solid Republican,R +15.0%+,No,https://www.cookpolitical.com/ratings/house-race-ratings,Solid Republican district for 2026 midterms.,
NC-11,NC,11,Republican Incumbent (NC),Democratic Candidate (NC-11),Republican Candidate (NC-11),Solid Republican,R +15.0%+,No,https://www.cookpolitical.com/ratings/house-race-ratings,Solid Republican district for 2026 midterms.,
NC-12,NC,12,Democratic Incumbent (NC),Democratic Candidate (NC-12),Republican Candidate (NC-12),Solid Democratic,D +15.0%+,No,https://www.cookpolitical.com/ratings/house-race-ratings,Solid Democratic district for 2026 midterms.,
NC-13,NC,13,Republican Incumbent (NC),Democratic Candidate (NC-13),Republican Candidate (NC-13),Solid Republican,R +15.0%+,No,https://www.cookpolitical.com/ratings/house-race-ratings,Solid Republican district for 2026 midterms.,
NC-14,NC,14,Republican Incumbent (NC),Democratic Candidate (NC-14),Republican Candidate (NC-14),Solid Republican,R +15.0%+,No,https://www.cookpolitical.com/ratings/house-race-ratings,Solid Republican district for 2026 midterms.,
ND-AL,ND,At-Large,Republican Incumbent (ND),Democratic Candidate (ND-AL),Republican Candidate (ND-AL),Solid Republican,R +15.0%+,No,https://www.cookpolitical.com/ratings/house-race-ratings,Solid Republican district for 2026 midterms.,
OH-01,OH,1,Greg Landsman (D),Greg Landsman,Orlando Sonza,Lean Democratic,D +5.0%,Yes,https://ballotpedia.org/United_States_House_of_Representatives_elections,_2026,Cincinnati metro area.
OH-02,OH,2,Republican Incumbent (OH),Democratic Candidate (OH-02),Republican Candidate (OH-02),Solid Republican,R +15.0%+,No,https://www.cookpolitical.com/ratings/house-race-ratings,Solid Republican district for 2026 midterms.,
OH-03,OH,3,Republican Incumbent (OH),Democratic Candidate (OH-03),Republican Candidate (OH-03),Solid Republican,R +15.0%+,No,https://www.cookpolitical.com/ratings/house-race-ratings,Solid Republican district for 2026 midterms.,
OH-04,OH,4,Democratic Incumbent (OH),Democratic Candidate (OH-04),Republican Candidate (OH-04),Solid Democratic,D +15.0%+,No,https://www.cookpolitical.com/ratings/house-race-ratings,Solid Democratic district for 2026 midterms.,
OH-05,OH,5,Republican Incumbent (OH),Democratic Candidate (OH-05),Republican Candidate (OH-05),Solid Republican,R +15.0%+,No,https://www.cookpolitical.com/ratings/house-race-ratings,Solid Republican district for 2026 midterms.,
OH-06,OH,6,Republican Incumbent (OH),Democratic Candidate (OH-06),Republican Candidate (OH-06),Solid Republican,R +15.0%+,No,https://www.cookpolitical.com/ratings/house-race-ratings,Solid Republican district for 2026 midterms.,
OH-07,OH,7,Republican Incumbent (OH),Democratic Candidate (OH-07),Republican Candidate (OH-07),Solid Republican,R +15.0%+,No,https://www.cookpolitical.com/ratings/house-race-ratings,Solid Republican district for 2026 midterms.,
OH-08,OH,8,Democratic Incumbent (OH),Democratic Candidate (OH-08),Republican Candidate (OH-08),Solid Democratic,D +15.0%+,No,https://www.cookpolitical.com/ratings/house-race-ratings,Solid Democratic district for 2026 midterms.,
OH-09,OH,9,Marcy Kaptur (D),Marcy Kaptur,Derek Merrin,Tossup,D +2.0%,Yes,https://www.cookpolitical.com/ratings/house-race-ratings,Toledo / Lake Erie district.,
OH-10,OH,10,Republican Incumbent (OH),Democratic Candidate (OH-10),Republican Candidate (OH-10),Solid Republican,R +15.0%+,No,https://www.cookpolitical.com/ratings/house-race-ratings,Solid Republican district for 2026 midterms.,
OH-11,OH,11,Republican Incumbent (OH),Democratic Candidate (OH-11),Republican Candidate (OH-11),Solid Republican,R +15.0%+,No,https://www.cookpolitical.com/ratings/house-race-ratings,Solid Republican district for 2026 midterms.,
OH-12,OH,12,Democratic Incumbent (OH),Democratic Candidate (OH-12),Republican Candidate (OH-12),Solid Democratic,D +15.0%+,No,https://www.cookpolitical.com/ratings/house-race-ratings,Solid Democratic district for 2026 midterms.,
OH-13,OH,13,Emilia Sykes (D),Emilia Sykes,Kevin Coughlin,Lean Democratic,D +3.0%,Yes,https://centerforpolitics.org/crystalball/2026-house/,Akron / Canton battleground.,
OH-14,OH,14,Democratic Incumbent (OH),Democratic Candidate (OH-14),Republican Candidate (OH-14),Solid Democratic,D +15.0%+,No,https://www.cookpolitical.com/ratings/house-race-ratings,Solid Democratic district for 2026 midterms.,
OH-15,OH,15,Republican Incumbent (OH),Democratic Candidate (OH-15),Republican Candidate (OH-15),Solid Republican,R +15.0%+,No,https://www.cookpolitical.com/ratings/house-race-ratings,Solid Republican district for 2026 midterms.,
OK-01,OK,1,Republican Incumbent (OK),Democratic Candidate (OK-01),Republican Candidate (OK-01),Solid Republican,R +15.0%+,No,https://www.cookpolitical.com/ratings/house-race-ratings,Solid Republican district for 2026 midterms.,
OK-02,OK,2,Republican Incumbent (OK),Democratic Candidate (OK-02),Republican Candidate (OK-02),Solid Republican,R +15.0%+,No,https://www.cookpolitical.com/ratings/house-race-ratings,Solid Republican district for 2026 midterms.,
OK-03,OK,3,Republican Incumbent (OK),Democratic Candidate (OK-03),Republican Candidate (OK-03),Solid Republican,R +15.0%+,No,https://www.cookpolitical.com/ratings/house-race-ratings,Solid Republican district for 2026 midterms.,
OK-04,OK,4,Democratic Incumbent (OK),Democratic Candidate (OK-04),Republican Candidate (OK-04),Solid Democratic,D +15.0%+,No,https://www.cookpolitical.com/ratings/house-race-ratings,Solid Democratic district for 2026 midterms.,
OK-05,OK,5,Republican Incumbent (OK),Democratic Candidate (OK-05),Republican Candidate (OK-05),Solid Republican,R +15.0%+,No,https://www.cookpolitical.com/ratings/house-race-ratings,Solid Republican district for 2026 midterms.,
OR-01,OR,1,Democratic Incumbent (OR),Democratic Candidate (OR-01),Republican Candidate (OR-01),Solid Democratic,D +15.0%+,No,https://www.cookpolitical.com/ratings/house-race-ratings,Solid Democratic district for 2026 midterms.,
OR-02,OR,2,Democratic Incumbent (OR),Democratic Candidate (OR-02),Republican Candidate (OR-02),Solid Democratic,D +15.0%+,No,https://www.cookpolitical.com/ratings/house-race-ratings,Solid Democratic district for 2026 midterms.,
OR-03,OR,3,Democratic Incumbent (OR),Democratic Candidate (OR-03),Republican Candidate (OR-03),Solid Democratic,D +15.0%+,No,https://www.cookpolitical.com/ratings/house-race-ratings,Solid Democratic district for 2026 midterms.,
OR-04,OR,4,Democratic Incumbent (OR),Democratic Candidate (OR-04),Republican Candidate (OR-04),Solid Democratic,D +15.0%+,No,https://www.cookpolitical.com/ratings/house-race-ratings,Solid Democratic district for 2026 midterms.,
OR-05,OR,5,Janelle Bynum (D),Janelle Bynum,Lori Chavez-DeRemer,Lean Democratic,D +3.0%,Yes,https://www.cookpolitical.com/ratings/house-race-ratings,Central Oregon / Portland suburbs.,
OR-06,OR,6,Democratic Incumbent (OR),Democratic Candidate (OR-06),Republican Candidate (OR-06),Solid Democratic,D +15.0%+,No,https://www.cookpolitical.com/ratings/house-race-ratings,Solid Democratic district for 2026 midterms.,
PA-01,PA,1,Democratic Incumbent (PA),Democratic Candidate (PA-01),Republican Candidate (PA-01),Solid Democratic,D +15.0%+,No,https://www.cookpolitical.com/ratings/house-race-ratings,Solid Democratic district for 2026 midterms.,
PA-02,PA,2,Democratic Incumbent (PA),Democratic Candidate (PA-02),Republican Candidate (PA-02),Solid Democratic,D +15.0%+,No,https://www.cookpolitical.com/ratings/house-race-ratings,Solid Democratic district for 2026 midterms.,
PA-03,PA,3,Democratic Incumbent (PA),Democratic Candidate (PA-03),Republican Candidate (PA-03),Solid Democratic,D +15.0%+,No,https://www.cookpolitical.com/ratings/house-race-ratings,Solid Democratic district for 2026 midterms.,
PA-04,PA,4,Democratic Incumbent (PA),Democratic Candidate (PA-04),Republican Candidate (PA-04),Solid Democratic,D +15.0%+,No,https://www.cookpolitical.com/ratings/house-race-ratings,Solid Democratic district for 2026 midterms.,
PA-05,PA,5,Republican Incumbent (PA),Democratic Candidate (PA-05),Republican Candidate (PA-05),Solid Republican,R +15.0%+,No,https://www.cookpolitical.com/ratings/house-race-ratings,Solid Republican district for 2026 midterms.,
PA-06,PA,6,Democratic Incumbent (PA),Democratic Candidate (PA-06),Republican Candidate (PA-06),Solid Democratic,D +15.0%+,No,https://www.cookpolitical.com/ratings/house-race-ratings,Solid Democratic district for 2026 midterms.,
PA-07,PA,7,Ryan Mackenzie (R),Susan Wild,Ryan Mackenzie,Tossup,D +1.0%,Yes,https://whyy.org/articles/2026-elections-united-states-house-pennsylvania/,Lehigh Valley swing seat.,
PA-08,PA,8,Rob Bresnahan (R),Matt Cartwright,Rob Bresnahan,Tossup,D +0.5%,Yes,https://whyy.org/articles/2026-elections-united-states-house-pennsylvania/,Scranton / Wilkes-Barre district.,
PA-09,PA,9,Democratic Incumbent (PA),Democratic Candidate (PA-09),Republican Candidate (PA-09),Solid Democratic,D +15.0%+,No,https://www.cookpolitical.com/ratings/house-race-ratings,Solid Democratic district for 2026 midterms.,
PA-10,PA,10,Scott Perry (R),Janelle Stelson,Scott Perry,Tossup,D +2.0%,Yes,https://whyy.org/articles/2026-elections-united-states-house-pennsylvania/,Harrisburg area; Perry highly vulnerable.,
PA-11,PA,11,Democratic Incumbent (PA),Democratic Candidate (PA-11),Republican Candidate (PA-11),Solid Democratic,D +15.0%+,No,https://www.cookpolitical.com/ratings/house-race-ratings,Solid Democratic district for 2026 midterms.,
PA-12,PA,12,Democratic Incumbent (PA),Democratic Candidate (PA-12),Republican Candidate (PA-12),Solid Democratic,D +15.0%+,No,https://www.cookpolitical.com/ratings/house-race-ratings,Solid Democratic district for 2026 midterms.,
PA-13,PA,13,Democratic Incumbent (PA),Democratic Candidate (PA-13),Republican Candidate (PA-13),Solid Democratic,D +15.0%+,No,https://www.cookpolitical.com/ratings/house-race-ratings,Solid Democratic district for 2026 midterms.,
PA-14,PA,14,Democratic Incumbent (PA),Democratic Candidate (PA-14),Republican Candidate (PA-14),Solid Democratic,D +15.0%+,No,https://www.cookpolitical.com/ratings/house-race-ratings,Solid Democratic district for 2026 midterms.,
PA-15,PA,15,Republican Incumbent (PA),Democratic Candidate (PA-15),Republican Candidate (PA-15),Solid Republican,R +15.0%+,No,https://www.cookpolitical.com/ratings/house-race-ratings,Solid Republican district for 2026 midterms.,
PA-16,PA,16,Democratic Incumbent (PA),Democratic Candidate (PA-16),Republican Candidate (PA-16),Solid Democratic,D +15.0%+,No,https://www.cookpolitical.com/ratings/house-race-ratings,Solid Democratic district for 2026 midterms.,
PA-17,PA,17,Chris Deluzio (D),Chris Deluzio,Rob Mercuri,Lean Democratic,D +5.0%,Yes,https://whyy.org/articles/2026-elections-united-states-house-pennsylvania/,Pittsburgh suburbs.,
RI-01,RI,1,Democratic Incumbent (RI),Democratic Candidate (RI-01),Republican Candidate (RI-01),Solid Democratic,D +15.0%+,No,https://www.cookpolitical.com/ratings/house-race-ratings,Solid Democratic district for 2026 midterms.,
RI-02,RI,2,Democratic Incumbent (RI),Democratic Candidate (RI-02),Republican Candidate (RI-02),Solid Democratic,D +15.0%+,No,https://www.cookpolitical.com/ratings/house-race-ratings,Solid Democratic district for 2026 midterms.,
SC-01,SC,1,Republican Incumbent (SC),Democratic Candidate (SC-01),Republican Candidate (SC-01),Solid Republican,R +15.0%+,No,https://www.cookpolitical.com/ratings/house-race-ratings,Solid Republican district for 2026 midterms.,
SC-02,SC,2,Republican Incumbent (SC),Democratic Candidate (SC-02),Republican Candidate (SC-02),Solid Republican,R +15.0%+,No,https://www.cookpolitical.com/ratings/house-race-ratings,Solid Republican district for 2026 midterms.,
SC-03,SC,3,Republican Incumbent (SC),Democratic Candidate (SC-03),Republican Candidate (SC-03),Solid Republican,R +15.0%+,No,https://www.cookpolitical.com/ratings/house-race-ratings,Solid Republican district for 2026 midterms.,
SC-04,SC,4,Democratic Incumbent (SC),Democratic Candidate (SC-04),Republican Candidate (SC-04),Solid Democratic,D +15.0%+,No,https://www.cookpolitical.com/ratings/house-race-ratings,Solid Democratic district for 2026 midterms.,
SC-05,SC,5,Republican Incumbent (SC),Democratic Candidate (SC-05),Republican Candidate (SC-05),Solid Republican,R +15.0%+,No,https://www.cookpolitical.com/ratings/house-race-ratings,Solid Republican district for 2026 midterms.,
SC-06,SC,6,Republican Incumbent (SC),Democratic Candidate (SC-06),Republican Candidate (SC-06),Solid Republican,R +15.0%+,No,https://www.cookpolitical.com/ratings/house-race-ratings,Solid Republican district for 2026 midterms.,
SC-07,SC,7,Republican Incumbent (SC),Democratic Candidate (SC-07),Republican Candidate (SC-07),Solid Republican,R +15.0%+,No,https://www.cookpolitical.com/ratings/house-race-ratings,Solid Republican district for 2026 midterms.,
SD-AL,SD,At-Large,Republican Incumbent (SD),Democratic Candidate (SD-AL),Republican Candidate (SD-AL),Solid Republican,R +15.0%+,No,https://www.cookpolitical.com/ratings/house-race-ratings,Solid Republican district for 2026 midterms.,
TN-01,TN,1,Republican Incumbent (TN),Democratic Candidate (TN-01),Republican Candidate (TN-01),Solid Republican,R +15.0%+,No,https://www.cookpolitical.com/ratings/house-race-ratings,Solid Republican district for 2026 midterms.,
TN-02,TN,2,Republican Incumbent (TN),Democratic Candidate (TN-02),Republican Candidate (TN-02),Solid Republican,R +15.0%+,No,https://www.cookpolitical.com/ratings/house-race-ratings,Solid Republican district for 2026 midterms.,
TN-03,TN,3,Republican Incumbent (TN),Democratic Candidate (TN-03),Republican Candidate (TN-03),Solid Republican,R +15.0%+,No,https://www.cookpolitical.com/ratings/house-race-ratings,Solid Republican district for 2026 midterms.,
TN-04,TN,4,Democratic Incumbent (TN),Democratic Candidate (TN-04),Republican Candidate (TN-04),Solid Democratic,D +15.0%+,No,https://www.cookpolitical.com/ratings/house-race-ratings,Solid Democratic district for 2026 midterms.,
TN-05,TN,5,Republican Incumbent (TN),Democratic Candidate (TN-05),Republican Candidate (TN-05),Solid Republican,R +15.0%+,No,https://www.cookpolitical.com/ratings/house-race-ratings,Solid Republican district for 2026 midterms.,
TN-06,TN,6,Republican Incumbent (TN),Democratic Candidate (TN-06),Republican Candidate (TN-06),Solid Republican,R +15.0%+,No,https://www.cookpolitical.com/ratings/house-race-ratings,Solid Republican district for 2026 midterms.,
TN-07,TN,7,Republican Incumbent (TN),Democratic Candidate (TN-07),Republican Candidate (TN-07),Solid Republican,R +15.0%+,No,https://www.cookpolitical.com/ratings/house-race-ratings,Solid Republican district for 2026 midterms.,
TN-08,TN,8,Democratic Incumbent (TN),Democratic Candidate (TN-08),Republican Candidate (TN-08),Solid Democratic,D +15.0%+,No,https://www.cookpolitical.com/ratings/house-race-ratings,Solid Democratic district for 2026 midterms.,
TN-09,TN,9,Republican Incumbent (TN),Democratic Candidate (TN-09),Republican Candidate (TN-09),Solid Republican,R +15.0%+,No,https://www.cookpolitical.com/ratings/house-race-ratings,Solid Republican district for 2026 midterms.,
TX-01,TX,1,Republican Incumbent (TX),Democratic Candidate (TX-01),Republican Candidate (TX-01),Solid Republican,R +15.0%+,No,https://www.cookpolitical.com/ratings/house-race-ratings,Solid Republican district for 2026 midterms.,
TX-02,TX,2,Republican Incumbent (TX),Democratic Candidate (TX-02),Republican Candidate (TX-02),Solid Republican,R +15.0%+,No,https://www.cookpolitical.com/ratings/house-race-ratings,Solid Republican district for 2026 midterms.,
TX-03,TX,3,Republican Incumbent (TX),Democratic Candidate (TX-03),Republican Candidate (TX-03),Solid Republican,R +15.0%+,No,https://www.cookpolitical.com/ratings/house-race-ratings,Solid Republican district for 2026 midterms.,
TX-04,TX,4,Democratic Incumbent (TX),Democratic Candidate (TX-04),Republican Candidate (TX-04),Solid Democratic,D +15.0%+,No,https://www.cookpolitical.com/ratings/house-race-ratings,Solid Democratic district for 2026 midterms.,
TX-05,TX,5,Republican Incumbent (TX),Democratic Candidate (TX-05),Republican Candidate (TX-05),Solid Republican,R +15.0%+,No,https://www.cookpolitical.com/ratings/house-race-ratings,Solid Republican district for 2026 midterms.,
TX-06,TX,6,Republican Incumbent (TX),Democratic Candidate (TX-06),Republican Candidate (TX-06),Solid Republican,R +15.0%+,No,https://www.cookpolitical.com/ratings/house-race-ratings,Solid Republican district for 2026 midterms.,
TX-07,TX,7,Republican Incumbent (TX),Democratic Candidate (TX-07),Republican Candidate (TX-07),Solid Republican,R +15.0%+,No,https://www.cookpolitical.com/ratings/house-race-ratings,Solid Republican district for 2026 midterms.,
TX-08,TX,8,Democratic Incumbent (TX),Democratic Candidate (TX-08),Republican Candidate (TX-08),Solid Democratic,D +15.0%+,No,https://www.cookpolitical.com/ratings/house-race-ratings,Solid Democratic district for 2026 midterms.,
TX-09,TX,9,Republican Incumbent (TX),Democratic Candidate (TX-09),Republican Candidate (TX-09),Solid Republican,R +15.0%+,No,https://www.cookpolitical.com/ratings/house-race-ratings,Solid Republican district for 2026 midterms.,
TX-10,TX,10,Republican Incumbent (TX),Democratic Candidate (TX-10),Republican Candidate (TX-10),Solid Republican,R +15.0%+,No,https://www.cookpolitical.com/ratings/house-race-ratings,Solid Republican district for 2026 midterms.,
TX-11,TX,11,Republican Incumbent (TX),Democratic Candidate (TX-11),Republican Candidate (TX-11),Solid Republican,R +15.0%+,No,https://www.cookpolitical.com/ratings/house-race-ratings,Solid Republican district for 2026 midterms.,
TX-12,TX,12,Democratic Incumbent (TX),Democratic Candidate (TX-12),Republican Candidate (TX-12),Solid Democratic,D +15.0%+,No,https://www.cookpolitical.com/ratings/house-race-ratings,Solid Democratic district for 2026 midterms.,
TX-13,TX,13,Republican Incumbent (TX),Democratic Candidate (TX-13),Republican Candidate (TX-13),Solid Republican,R +15.0%+,No,https://www.cookpolitical.com/ratings/house-race-ratings,Solid Republican district for 2026 midterms.,
TX-14,TX,14,Republican Incumbent (TX),Democratic Candidate (TX-14),Republican Candidate (TX-14),Solid Republican,R +15.0%+,No,https://www.cookpolitical.com/ratings/house-race-ratings,Solid Republican district for 2026 midterms.,
TX-15,TX,15,Monica De La Cruz (R),Michelle Vallejo,Monica De La Cruz,Lean Republican,R +3.0%,Yes,https://ballotpedia.org/United_States_House_of_Representatives_elections,_2026,South Texas Rio Grande Valley.
TX-16,TX,16,Democratic Incumbent (TX),Democratic Candidate (TX-16),Republican Candidate (TX-16),Solid Democratic,D +15.0%+,No,https://www.cookpolitical.com/ratings/house-race-ratings,Solid Democratic district for 2026 midterms.,
TX-17,TX,17,Republican Incumbent (TX),Democratic Candidate (TX-17),Republican Candidate (TX-17),Solid Republican,R +15.0%+,No,https://www.cookpolitical.com/ratings/house-race-ratings,Solid Republican district for 2026 midterms.,
TX-18,TX,18,Republican Incumbent (TX),Democratic Candidate (TX-18),Republican Candidate (TX-18),Solid Republican,R +15.0%+,No,https://www.cookpolitical.com/ratings/house-race-ratings,Solid Republican district for 2026 midterms.,
TX-19,TX,19,Republican Incumbent (TX),Democratic Candidate (TX-19),Republican Candidate (TX-19),Solid Republican,R +15.0%+,No,https://www.cookpolitical.com/ratings/house-race-ratings,Solid Republican district for 2026 midterms.,
TX-20,TX,20,Democratic Incumbent (TX),Democratic Candidate (TX-20),Republican Candidate (TX-20),Solid Democratic,D +15.0%+,No,https://www.cookpolitical.com/ratings/house-race-ratings,Solid Democratic district for 2026 midterms.,
TX-21,TX,21,Republican Incumbent (TX),Democratic Candidate (TX-21),Republican Candidate (TX-21),Solid Republican,R +15.0%+,No,https://www.cookpolitical.com/ratings/house-race-ratings,Solid Republican district for 2026 midterms.,
TX-22,TX,22,Republican Incumbent (TX),Democratic Candidate (TX-22),Republican Candidate (TX-22),Solid Republican,R +15.0%+,No,https://www.cookpolitical.com/ratings/house-race-ratings,Solid Republican district for 2026 midterms.,
TX-23,TX,23,Republican Incumbent (TX),Democratic Candidate (TX-23),Republican Candidate (TX-23),Solid Republican,R +15.0%+,No,https://www.cookpolitical.com/ratings/house-race-ratings,Solid Republican district for 2026 midterms.,
TX-24,TX,24,Democratic Incumbent (TX),Democratic Candidate (TX-24),Republican Candidate (TX-24),Solid Democratic,D +15.0%+,No,https://www.cookpolitical.com/ratings/house-race-ratings,Solid Democratic district for 2026 midterms.,
TX-25,TX,25,Republican Incumbent (TX),Democratic Candidate (TX-25),Republican Candidate (TX-25),Solid Republican,R +15.0%+,No,https://www.cookpolitical.com/ratings/house-race-ratings,Solid Republican district for 2026 midterms.,
TX-26,TX,26,Republican Incumbent (TX),Democratic Candidate (TX-26),Republican Candidate (TX-26),Solid Republican,R +15.0%+,No,https://www.cookpolitical.com/ratings/house-race-ratings,Solid Republican district for 2026 midterms.,
TX-27,TX,27,Republican Incumbent (TX),Democratic Candidate (TX-27),Republican Candidate (TX-27),Solid Republican,R +15.0%+,No,https://www.cookpolitical.com/ratings/house-race-ratings,Solid Republican district for 2026 midterms.,
TX-28,TX,28,Democratic Incumbent (TX),Democratic Candidate (TX-28),Republican Candidate (TX-28),Solid Democratic,D +15.0%+,No,https://www.cookpolitical.com/ratings/house-race-ratings,Solid Democratic district for 2026 midterms.,
TX-29,TX,29,Republican Incumbent (TX),Democratic Candidate (TX-29),Republican Candidate (TX-29),Solid Republican,R +15.0%+,No,https://www.cookpolitical.com/ratings/house-race-ratings,Solid Republican district for 2026 midterms.,
TX-30,TX,30,Republican Incumbent (TX),Democratic Candidate (TX-30),Republican Candidate (TX-30),Solid Republican,R +15.0%+,No,https://www.cookpolitical.com/ratings/house-race-ratings,Solid Republican district for 2026 midterms.,
TX-31,TX,31,Republican Incumbent (TX),Democratic Candidate (TX-31),Republican Candidate (TX-31),Solid Republican,R +15.0%+,No,https://www.cookpolitical.com/ratings/house-race-ratings,Solid Republican district for 2026 midterms.,
TX-32,TX,32,Democratic Incumbent (TX),Democratic Candidate (TX-32),Republican Candidate (TX-32),Solid Democratic,D +15.0%+,No,https://www.cookpolitical.com/ratings/house-race-ratings,Solid Democratic district for 2026 midterms.,
TX-33,TX,33,Republican Incumbent (TX),Democratic Candidate (TX-33),Republican Candidate (TX-33),Solid Republican,R +15.0%+,No,https://www.cookpolitical.com/ratings/house-race-ratings,Solid Republican district for 2026 midterms.,
TX-34,TX,34,Republican Incumbent (TX),Democratic Candidate (TX-34),Republican Candidate (TX-34),Solid Republican,R +15.0%+,No,https://www.cookpolitical.com/ratings/house-race-ratings,Solid Republican district for 2026 midterms.,
TX-35,TX,35,Republican Incumbent (TX),Democratic Candidate (TX-35),Republican Candidate (TX-35),Solid Republican,R +15.0%+,No,https://www.cookpolitical.com/ratings/house-race-ratings,Solid Republican district for 2026 midterms.,
TX-36,TX,36,Democratic Incumbent (TX),Democratic Candidate (TX-36),Republican Candidate (TX-36),Solid Democratic,D +15.0%+,No,https://www.cookpolitical.com/ratings/house-race-ratings,Solid Democratic district for 2026 midterms.,
TX-37,TX,37,Republican Incumbent (TX),Democratic Candidate (TX-37),Republican Candidate (TX-37),Solid Republican,R +15.0%+,No,https://www.cookpolitical.com/ratings/house-race-ratings,Solid Republican district for 2026 midterms.,
TX-38,TX,38,Republican Incumbent (TX),Democratic Candidate (TX-38),Republican Candidate (TX-38),Solid Republican,R +15.0%+,No,https://www.cookpolitical.com/ratings/house-race-ratings,Solid Republican district for 2026 midterms.,
UT-01,UT,1,Republican Incumbent (UT),Democratic Candidate (UT-01),Republican Candidate (UT-01),Solid Republican,R +15.0%+,No,https://www.cookpolitical.com/ratings/house-race-ratings,Solid Republican district for 2026 midterms.,
UT-02,UT,2,Republican Incumbent (UT),Democratic Candidate (UT-02),Republican Candidate (UT-02),Solid Republican,R +15.0%+,No,https://www.cookpolitical.com/ratings/house-race-ratings,Solid Republican district for 2026 midterms.,
UT-03,UT,3,Republican Incumbent (UT),Democratic Candidate (UT-03),Republican Candidate (UT-03),Solid Republican,R +15.0%+,No,https://www.cookpolitical.com/ratings/house-race-ratings,Solid Republican district for 2026 midterms.,
UT-04,UT,4,Democratic Incumbent (UT),Democratic Candidate (UT-04),Republican Candidate (UT-04),Solid Democratic,D +15.0%+,No,https://www.cookpolitical.com/ratings/house-race-ratings,Solid Democratic district for 2026 midterms.,
VT-AL,VT,At-Large,Democratic Incumbent (VT),Democratic Candidate (VT-AL),Republican Candidate (VT-AL),Solid Democratic,D +15.0%+,No,https://www.cookpolitical.com/ratings/house-race-ratings,Solid Democratic district for 2026 midterms.,
VA-01,VA,1,Democratic Incumbent (VA),Democratic Candidate (VA-01),Republican Candidate (VA-01),Solid Democratic,D +15.0%+,No,https://www.cookpolitical.com/ratings/house-race-ratings,Solid Democratic district for 2026 midterms.,
VA-02,VA,2,Jen Kiggans (R),Missy Cotter Smasal,Jen Kiggans,Tossup,D +0.5%,Yes,https://www.cookpolitical.com/ratings/house-race-ratings,Virginia Beach / Hampton Roads.,
VA-03,VA,3,Democratic Incumbent (VA),Democratic Candidate (VA-03),Republican Candidate (VA-03),Solid Democratic,D +15.0%+,No,https://www.cookpolitical.com/ratings/house-race-ratings,Solid Democratic district for 2026 midterms.,
VA-04,VA,4,Democratic Incumbent (VA),Democratic Candidate (VA-04),Republican Candidate (VA-04),Solid Democratic,D +15.0%+,No,https://www.cookpolitical.com/ratings/house-race-ratings,Solid Democratic district for 2026 midterms.,
VA-05,VA,5,Republican Incumbent (VA),Democratic Candidate (VA-05),Republican Candidate (VA-05),Solid Republican,R +15.0%+,No,https://www.cookpolitical.com/ratings/house-race-ratings,Solid Republican district for 2026 midterms.,
VA-06,VA,6,Democratic Incumbent (VA),Democratic Candidate (VA-06),Republican Candidate (VA-06),Solid Democratic,D +15.0%+,No,https://www.cookpolitical.com/ratings/house-race-ratings,Solid Democratic district for 2026 midterms.,
VA-07,VA,7,Eugene Vindman (D),Eugene Vindman,Derrick Anderson,Lean Democratic,D +4.0%,Yes,https://centerforpolitics.org/crystalball/2026-house/,Northern Virginia outer suburbs.,
VA-08,VA,8,Democratic Incumbent (VA),Democratic Candidate (VA-08),Republican Candidate (VA-08),Solid Democratic,D +15.0%+,No,https://www.cookpolitical.com/ratings/house-race-ratings,Solid Democratic district for 2026 midterms.,
VA-09,VA,9,Democratic Incumbent (VA),Democratic Candidate (VA-09),Republican Candidate (VA-09),Solid Democratic,D +15.0%+,No,https://www.cookpolitical.com/ratings/house-race-ratings,Solid Democratic district for 2026 midterms.,
VA-10,VA,10,Republican Incumbent (VA),Democratic Candidate (VA-10),Republican Candidate (VA-10),Solid Republican,R +15.0%+,No,https://www.cookpolitical.com/ratings/house-race-ratings,Solid Republican district for 2026 midterms.,
VA-11,VA,11,Democratic Incumbent (VA),Democratic Candidate (VA-11),Republican Candidate (VA-11),Solid Democratic,D +15.0%+,No,https://www.cookpolitical.com/ratings/house-race-ratings,Solid Democratic district for 2026 midterms.,
WA-01,WA,1,Democratic Incumbent (WA),Democratic Candidate (WA-01),Republican Candidate (WA-01),Solid Democratic,D +15.0%+,No,https://www.cookpolitical.com/ratings/house-race-ratings,Solid Democratic district for 2026 midterms.,
WA-02,WA,2,Democratic Incumbent (WA),Democratic Candidate (WA-02),Republican Candidate (WA-02),Solid Democratic,D +15.0%+,No,https://www.cookpolitical.com/ratings/house-race-ratings,Solid Democratic district for 2026 midterms.,
WA-03,WA,3,Marie Gluesenkamp Perez (D),Marie Gluesenkamp Perez,Joe Kent,Tossup,D +2.0%,Yes,https://www.cookpolitical.com/ratings/house-race-ratings,SW Washington working-class district.,
WA-04,WA,4,Democratic Incumbent (WA),Democratic Candidate (WA-04),Republican Candidate (WA-04),Solid Democratic,D +15.0%+,No,https://www.cookpolitical.com/ratings/house-race-ratings,Solid Democratic district for 2026 midterms.,
WA-05,WA,5,Republican Incumbent (WA),Democratic Candidate (WA-05),Republican Candidate (WA-05),Solid Republican,R +15.0%+,No,https://www.cookpolitical.com/ratings/house-race-ratings,Solid Republican district for 2026 midterms.,
WA-06,WA,6,Democratic Incumbent (WA),Democratic Candidate (WA-06),Republican Candidate (WA-06),Solid Democratic,D +15.0%+,No,https://www.cookpolitical.com/ratings/house-race-ratings,Solid Democratic district for 2026 midterms.,
WA-07,WA,7,Democratic Incumbent (WA),Democratic Candidate (WA-07),Republican Candidate (WA-07),Solid Democratic,D +15.0%+,No,https://www.cookpolitical.com/ratings/house-race-ratings,Solid Democratic district for 2026 midterms.,
WA-08,WA,8,Democratic Incumbent (WA),Democratic Candidate (WA-08),Republican Candidate (WA-08),Solid Democratic,D +15.0%+,No,https://www.cookpolitical.com/ratings/house-race-ratings,Solid Democratic district for 2026 midterms.,
WA-09,WA,9,Democratic Incumbent (WA),Democratic Candidate (WA-09),Republican Candidate (WA-09),Solid Democratic,D +15.0%+,No,https://www.cookpolitical.com/ratings/house-race-ratings,Solid Democratic district for 2026 midterms.,
WA-10,WA,10,Republican Incumbent (WA),Democratic Candidate (WA-10),Republican Candidate (WA-10),Solid Republican,R +15.0%+,No,https://www.cookpolitical.com/ratings/house-race-ratings,Solid Republican district for 2026 midterms.,
WV-01,WV,1,Republican Incumbent (WV),Democratic Candidate (WV-01),Republican Candidate (WV-01),Solid Republican,R +15.0%+,No,https://www.cookpolitical.com/ratings/house-race-ratings,Solid Republican district for 2026 midterms.,
WV-02,WV,2,Republican Incumbent (WV),Democratic Candidate (WV-02),Republican Candidate (WV-02),Solid Republican,R +15.0%+,No,https://www.cookpolitical.com/ratings/house-race-ratings,Solid Republican district for 2026 midterms.,
WI-01,WI,1,Republican Incumbent (WI),Democratic Candidate (WI-01),Republican Candidate (WI-01),Solid Republican,R +15.0%+,No,https://www.cookpolitical.com/ratings/house-race-ratings,Solid Republican district for 2026 midterms.,
WI-02,WI,2,Republican Incumbent (WI),Democratic Candidate (WI-02),Republican Candidate (WI-02),Solid Republican,R +15.0%+,No,https://www.cookpolitical.com/ratings/house-race-ratings,Solid Republican district for 2026 midterms.,
WI-03,WI,3,Derrick Van Orden (R),Rebecca Cooke / Emily Berge,Derrick Van Orden,Tossup,D +1.0%,Yes,https://ballotpedia.org/United_States_House_of_Representatives_elections,_2026,SW Wisconsin rural/college town district.
WI-04,WI,4,Democratic Incumbent (WI),Democratic Candidate (WI-04),Republican Candidate (WI-04),Solid Democratic,D +15.0%+,No,https://www.cookpolitical.com/ratings/house-race-ratings,Solid Democratic district for 2026 midterms.,
WI-05,WI,5,Republican Incumbent (WI),Democratic Candidate (WI-05),Republican Candidate (WI-05),Solid Republican,R +15.0%+,No,https://www.cookpolitical.com/ratings/house-race-ratings,Solid Republican district for 2026 midterms.,
WI-06,WI,6,Republican Incumbent (WI),Democratic Candidate (WI-06),Republican Candidate (WI-06),Solid Republican,R +15.0%+,No,https://www.cookpolitical.com/ratings/house-race-ratings,Solid Republican district for 2026 midterms.,
WI-07,WI,7,Republican Incumbent (WI),Democratic Candidate (WI-07),Republican Candidate (WI-07),Solid Republican,R +15.0%+,No,https://www.cookpolitical.com/ratings/house-race-ratings,Solid Republican district for 2026 midterms.,
WI-08,WI,8,Democratic Incumbent (WI),Democratic Candidate (WI-08),Republican Candidate (WI-08),Solid Democratic,D +15.0%+,No,https://www.cookpolitical.com/ratings/house-race-ratings,Solid Democratic district for 2026 midterms.,
WY-AL,WY,At-Large,Republican Incumbent (WY),Democratic Candidate (WY-AL),Republican Candidate (WY-AL),Solid Republican,R +15.0%+,No,https://www.cookpolitical.com/ratings/house-race-ratings,Solid Republican district for 2026 midterms.,